title,artist,release_date,binding
1599,James Shapiro,2006-04-06,Paperback
1599,James Shapiro,2005-06-02,Hardback
1606,James Shapiro,2016-04-07,Paperback
1606,James Shapiro,2015-10-01,Hardback
"""QI"" 2 Book Giftset:""Pocket Book of General Ignorance"" and ""Pocket Boo",John Lloyd & John Mitchinson,2009-10-01,Paperback
"1,227 QI Facts To Blow Your Socks Off","John Lloyd, John Mitchinson & James Harkin",2012-11-01,Hardback
"1,227 QI Facts To Blow Your Socks Off","John Lloyd, John Mitchinson & James Harkin",2016-05-05,Paperback
"1,234 QI Facts to Leave You Speechless","John Lloyd, John Mitchinson & James Harkin",2015-11-05,Hardback
"1,234 QI Facts to Leave You Speechless","John Lloyd, John Mitchinson & James Harkin",2017-06-01,Paperback
"1,339 QI Facts To Make Your Jaw Drop","John Lloyd, John Mitchinson & James Harkin",2013-11-07,Hardback
"1,411 QI Facts To Knock You Sideways","John Lloyd, John Mitchinson & James Harkin",2014-10-02,Hardback
"1,423 QI Facts to Bowl You Over","John Lloyd, James Harkin & Anne Miller",2017-10-05,Hardback
100 Poems,Seamus Heaney,2018-06-28,Hardback
101 Experiments in the Philosophy of Everyday Life,Roger-Pol Droit,2003-11-06,Paperback
"2,024 QI Facts To Stop You In Your Tracks","John Lloyd, James Harkin & Anne Miller",2018-10-18,Hardback
222 QI Answers to Your Quite Ingenious Questions,QI Elves,2022-11-03,Paperback
4 3 2 1,Paul Auster,2017-09-14,Paperback
4 3 2 1,Paul Auster,2017-01-31,Hardback
"A 1,342 QI Facts To Leave You Flabbergasted","John Lloyd, John Mitchinson & James Harkin",2016-11-03,Hardback
A Beautiful Mind,Sylvia Nasar,2002-02-04,Paperback
A Certain Hunger,Chelsea G. Summers,2022-07-07,Paperback
A Certain Justice,P. D. James,1997-10-06,First
A Farewell to Calm,John Crace,2021-11-04,Hardback
A Fine Balance,Rohinton Mistry,2006-10-19,Paperback
A Gambling Man,Jenny Uglow,2010-05-01,Paperback
A Gate at the Stairs,Lorrie Moore,2010-04-22,Paperback
A Girl is a Half-formed Thing,Eimear McBride,2014-04-10,Paperback
A Grief Observed,C.S. Lewis,1961-01-01,First
A History of the Arab Peoples,Albert Hourani,2013-01-03,Paperback
A Landing on the Sun,Michael Frayn,2000-07-03,Paperback
A Life Like Other People's,Alan Bennett,2009-09-03,Hardback
A Life Like Other People's,Alan Bennett,2010-04-29,Paperback
A Long Long Way,Sebastian Barry,2006-04-06,Paperback
A Long Walk Home,Judith Tebbutt,2014-01-02,Paperback
A Long Way From Home,Peter Carey,2018-07-05,Paperback
A Mind to Murder,P. D. James,1963-01-01,First
A Pale View of Hills,Kazuo Ishiguro,2010-02-25,Paperback
A QI: The Second Book of General Ignorance,John Lloyd & John Mitchinson,2010-10-07,Hardback
A Strangeness in My Mind,Orhan Pamuk,2016-07-07,Paperback
A Taste for Death,P. D. James,1986-01-01,First
A Terrible Kindness,Jo Browning Wroe,2022-12-08,Paperback
A Terrible Kindness,Jo Browning Wroe,2022-01-20,Hardback
A Thousand Moons,Sebastian Barry,2021-02-04,Paperback
A Writer's World,Jan Morris,2004-10-07,Paperback
Adele,Leila Slimani,2019-02-07,Paperback
Adele,Leila Slimani,2019-10-03,Paperback
Admirals,Andrew Lambert,2009-07-02,Paperback
Adventure According to Humphrey,Betty G. Birney,2008-02-21,Paperback
Aeneid Book VI,Seamus Heaney,2016-03-03,Hardback
Afterliff,John Lloyd & Jon Canter,2013-08-15,Hardback
All My Puny Sorrows,Miriam Toews,2015-04-02,Paperback
All the Beautiful Lies,Peter Swanson,2019-02-07,Paperback
Amenable Women,Mavis Cheek,2009-04-02,Paperback
Amongst Women,John McGahern,2008-06-05,Paperback
An Unsuitable Job for a Woman,P. D. James,1972-01-01,Paperback
Anatomy of a Soldier,Harry Parker,2016-12-29,Paperback
And Then You Die (8),Michael Dibdin,2002-12-02,Paperback
And When She Was Good,Laura Lippman,2013-05-02,Paperback
Anecdotal Evidence,Wendy Cope,2018-03-01,Paperback
Angel with Two Faces,Nicola Upson,2010-01-28,Paperback
Animal,Sara Pascoe,2017-03-02,Paperback
Animal,Sara Pascoe,2016-04-21,Paperback
"Animal, Vegetable, Miracle",Barbara Kingsolver,2008-04-03,Paperback
Animator'S Survival Kit,Richard Williams,2001-11-05,Paperback
Annie Dunne,Sebastian Barry,2003-05-19,Paperback
Antarctica,Claire Keegan,2023-11-02,Paperback
Antarctica,Claire Keegan,2000-08-07,Paperback
Apathy for the Devil,Nick Kent,2010-03-04,Paperback
Apple Tree Yard,Louise Doughty,2014-01-02,Paperback
Apple Tree Yard,Louise Doughty,2017-01-05,Paperback
Apples,Richard Milward,2008-01-03,Paperback
April in Spain,John Banville,2022-07-07,Paperback
Arcadia,Tom Stoppard,1993-05-10,Paperback
Ariel,Sylvia Plath,1965-01-01,First
Arlington Park,Rachel Cusk,2007-05-03,Paperback
Artist of the Floating World,Kazuo Ishiguro,1987-03-23,First
Asleep,Banana Yoshimoto,2001-09-03,Paperback
Atticus Claw Breaks the Law,Jennifer Gray,2012-09-06,Paperback
Atticus Claw Settles a Score,Jennifer Gray,2013-03-07,Paperback
Aunt Julia and the Scriptwriter,Mario Vargas Llosa,2004-11-04,Paperback
Aunt Margaret's Lover,Mavis Cheek,1999-06-07,Paperback
Awful End,Philip Ardagh,2003-09-04,Paperback
Ayoade on Ayoade,Richard Ayoade,2014-10-02,Paperback
Ayoade on Ayoade,Richard Ayoade,2015-07-02,Paperback
Ayoade on Top,Richard Ayoade,2019-09-05,Hardback
Back to Bologna (10),Michael Dibdin,2006-05-04,Paperback
Backroom Boys,Francis Spufford,2004-09-02,Paperback
Backroom Boys,Francis Spufford,2003-11-06,Hardback
Bad Panda,Swapna Haddow,2021-07-01,Paperback
Bathroom Boogie,Clare Foges,2017-09-07,Paperback
Be Near Me,Andrew O'Hagan,2007-04-05,Paperback
Beastie Boys Book,Michael Diamond & Adam Horovitz,2018-10-30,Hardback
"Beautiful World, Where Are You",Sally Rooney,2021-09-07,Hardback
"Beautiful World, Where Are You",Sally Rooney,2022-06-07,Paperback
Because a Fire Was in My Head,Michael Morpurgo,2002-10-07,Paperback
Beeswing,Richard Thompson,2021-04-15,Hardback
Before She Knew Him,Peter Swanson,2020-02-06,Paperback
Being You,Professor Anil Seth,2022-09-01,Paperback
Being You,Professor Anil Seth,2021-09-02,Hardback
Beowulf,Seamus Heaney,2002-04-08,Paperback
Beowulf,Seamus Heaney,2007-03-01,Paperback
Bicycle Diaries,David Byrne,2010-06-03,Paperback
Big Boys' Rules,Mark Urban,1996-09-23,Paperback
Big Questions from Little People . . . Answered by Some Very Big Peopl,Sir David Attenborough & Bear Grylls,2012-10-04,Hardback
Birthday Letters,Ted Hughes,2002-01-02,Paperback
Bitter Lemons of Cyprus,Lawrence Durrell,2000-07-03,Paperback
Black Water,Louise Doughty,2017-03-30,Paperback
Blood and Roses,Helen Castor,2005-06-02,Paperback
Blood Rain (7),Michael Dibdin,2004-08-05,Paperback
Bobby Fischer Goes to War,David Edmonds & John Eidinow,2004-08-05,Paperback
Book of Illusions,Paul Auster,2003-09-04,Paperback
Boy Parts,Eliza Clark,2023-04-06,Paperback
Boys Don't Cry,Fíona Scarlett,2022-02-03,Paperback
Broken Dolls,James Carol,2014-01-16,Paperback
Broken Vows,Tom Bower,2016-03-03,Hardback
Broken Vows,Tom Bower,2016-09-01,Paperback
Brooklyn Follies,Paul Auster,2005-11-17,Hardback
Buddha of Suburbia,Hanif Kureishi,1991-04-08,Paperback
Bumper Book of Humphrey's Tiny Tales 1,Betty G. Birney,2014-01-16,Paperback
But You Did Not Come Back,Marceline Loridan-Ivens,2016-12-29,Paperback
But You Did Not Come Back,Marceline Loridan-Ivens,2016-01-21,Hardback
Butter,Erin Lange,2013-03-07,Paperback
Byron,Fiona MacCarthy,2003-11-06,Paperback
Cabal (3),Michael Dibdin,1993-05-24,Paperback
Cameron's Coup,Polly Toynbee & David Walker,2015-01-29,Paperback
Can Any Mother Help Me?,Jenna Bailey,2008-01-31,Paperback
Can You Solve My Problems?,Alex Bellos,2017-07-06,Paperback
Can You Solve My Problems?,Alex Bellos,2016-11-03,Hardback
Capital,John Lanchester,2013-01-03,Paperback
Capital,John Lanchester,2012-03-01,Hardback
Catherine of Aragon,Giles Tremlett,2010-11-04,Hardback
Catherine of Aragon,Giles Tremlett,2011-04-01,Paperback
Charlie Brooker's Screen Burn,Charlie Brooker,2004-12-02,Paperback
Charlie Brooker's the Hell of it All,Charlie Brooker,2010-06-03,Paperback
Chewing the Fat,Jay Rayner,2021-09-02,Paperback
Children of Green Knowe,Lucy M Boston,2006-10-05,Paperback
Christmas According to Humphrey,Betty G. Birney,2012-10-04,Paperback
Christmas Poems,Wendy Cope,2017-11-02,Hardback
Churchill's Wizards,Nicholas Rankin,2009-05-07,Paperback
Churchill'S Wizards,Nicholas Rankin,2008-09-18,Hardback
City of Fortune,Roger Crowley,2012-08-02,Paperback
"Clothes, Clothes, Clothes. Music, Music, Music. Boys, Boys, Boys.",Viv Albertine,2014-05-22,TPB
"Clothes, Clothes, Clothes. Music, Music, Music. Boys, Boys, Boys.",Viv Albertine,2015-02-05,Paperback
Collected Poems,Philip Larkin,1988-10-10,First
Collected Poems 1909-1962,T. S. Eliot,2002-02-18,Paperback
Collected Poems for Children,Ted Hughes,2005-10-06,Hardback
Collected Poems for Children,Ted Hughes,2008-03-06,Paperback
Collected Poems of Edward Thomas,Edward Thomas,2004-10-21,Paperback
Collected Poems of Ted Hughes,Ted Hughes,2005-07-21,Paperback
Collusion,Luke Harding,2017-11-16,Paperback
Come Rain or Come Shine,Kazuo Ishiguro,2019-01-03,Paperback
Commander,Stephen Taylor,2013-06-06,Paperback
Complete Dramatic Works,Samuel Beckett,1998-02-16,Paperback
Complete Poems,Emily Dickinson,2016-11-03,Paperback
Complete Stories,Flannery O'Connor,2009-04-02,Paperback
Conquerors,Roger Crowley,2016-08-04,Paperback
Constantinople,Roger Crowley,2006-11-02,Paperback
Content Provider,Stewart Lee,2017-06-01,Paperback
Content Provider,Stewart Lee,2016-08-04,Paperback
Conversations with Friends,Sally Rooney,2018-03-01,Paperback
Cooking with Fernet Branca,James Hamilton-Paterson,2005-06-02,Paperback
Cosi Fan Tutti (5),Michael Dibdin,2004-08-05,Paperback
Country Girl,Edna O'Brien,2012-09-24,Hardback
Country Girl,Edna O'Brien,2013-06-06,Paperback
Courtiers,Lucy Worsley,2011-06-02,Paperback
Cover Her Face,P. D. James,1962-12-01,First
Crabwalk,Gunter Grass,2004-04-01,Paperback
Crime at Christmas,C. H. B. Kitchin,2015-10-01,Paperback
Crow,Ted Hughes,1970-01-01,First
Curse of Salamander Street,G.P. Taylor,2006-09-07,Hardback
Daddy's Sandwich,Pip Jones,2015-05-07,Paperback
Damned Utd,David Peace,2006-08-17,Paperback
Dancing at Lughnasa,Brian Friel,1990-05-21,Paperback
Dark Heart of Italy,Tobias Jones,2003-11-06,Paperback
Dark Heart of Italy,Tobias Jones,2003-01-20,Hardback
Dart,Alice Oswald,2002-07-08,Paperback
Dart,Alice Oswald,2010-05-06,Hardback
Dave Pigeon,Swapna Haddow,2016-04-07,Paperback
Dave Pigeon Bookshop Mayhem!,Swapna Haddow,2023-02-16,Paperback
Dawn of the Dumb,Charlie Brooker,2007-11-01,Paperback
Days Without End,Sebastian Barry,2017-02-06,Paperback
Days without End,Sebastian Barry,2016-10-20,Hardback
Dead Ends,Erin Lange,2014-07-03,Paperback
Dead Lagoon (4),Michael Dibdin,2004-08-05,Paperback
Death Comes to Pemberley,P. D. James,2012-07-05,Paperback
Death Comes to Pemberley,P. D. James,2011-11-03,Hardback
Death in Holy Orders,P. D. James,2001-10-08,Paperback
Death in Holy Orders,P. D. James,2001-03-05,Hardback
Death in the Andes,Mario Vargas Llosa,2004-11-04,Paperback
Death of a Naturalist,Seamus Heaney,2006-04-06,Paperback
Death of an Expert Witness,P. D. James,1977-10-31,First
Decline and Fail,John Crace,2019-11-07,Hardback
Demon Copperhead,Barbara Kingsolver,2023-05-04,Paperback
Demon Copperhead,Barbara Kingsolver,2022-10-18,Hardback
Depraved New World,John Crace,2023-11-02,Hardback
Devices and Desires,P. D. James,1989-10-02,First
Dirty Havana Trilogy,Pedro Juan Gutierrez,2002-01-02,Paperback
Dishonesty is the Second-Best Policy,David Mitchell,2019-11-07,Hardback
Dishonesty is the Second-Best Policy,David Mitchell,2020-09-03,Paperback
District and Circle,Seamus Heaney,2006-10-05,Paperback
District and Circle,Seamus Heaney,2006-04-06,Hardback
Doing Good Better,Dr William MacAskill,2016-07-07,Paperback
Dreadful Acts,(Sir) Philip Ardagh,2003-09-04,Paperback
Electric Brae,Andrew Greig,2002-01-02,Paperback
Electric Dreams,Jim'll Paint It,2014-10-02,Hardback
Electric Eden,Rob Young,2010-08-05,Paperback
Electric Eden,Rob Young,2011-08-04,Paperback
Electric Light,Seamus Heaney,2001-03-19,Paperback
Empire of the Clouds,James Hamilton-Paterson,2011-05-05,Paperback
Empire of the Clouds,James Hamilton-Paterson,2010-10-07,Hardback
Empires of the Sea,Roger Crowley,2009-06-04,Paperback
Enchantment,Katherine May,2023-03-09,Hardback
End Games,Michael Dibdin,2008-07-03,Paperback
End Games,Michael Dibdin,2007-07-05,Hardback
Endgame,Samuel Beckett,2009-05-21,Paperback
England's Dreaming,Jon Savage,2005-05-19,Paperback
"English Murder,An",Cyril Hare,2017-11-02,Paperback
Everyone Dies Famous in a Small Town,Bonnie-Sue Hitchcock,2021-04-20,Paperback
Everything to Play For:The QI Book of Sports,James Harkin & Anna Ptaszynski,2023-10-12,Hardback
"Expert in Murder,An",Nicola Upson,2009-02-05,Paperback
Explorers on Witch Mountain,Alex Bell,2018-11-01,Paperback
Faber & Faber Poetry Diary 2018,Various Poets,2017-09-07,Hardback
Fall of Fergal,(Sir) Philip Ardagh,2002-10-07,Paperback
Family Life,Akhil Sharma,2015-04-02,Paperback
Family Matters,Rohinton Mistry,2003-04-07,Paperback
Family Matters,Rohinton Mistry,2006-10-19,Paperback
Family Values,Wendy Cope,2012-01-19,Paperback
Feast of the Goat,Mario Vargas Llosa,2003-02-17,Paperback
Felix Ever After,Kacen Callender,2021-05-18,Paperback
Find Me,Andre Aciman,2019-10-31,Hardback
Find Me,Andre Aciman,2020-05-21,Paperback
Fine Balance,Rohinton Mistry,1997-02-03,Paperback
Five Boys,Mick Jackson,2002-06-03,Paperback
Five Children on the Western Front,Kate Saunders,2015-04-02,Paperback
Five Miles from Outer Hope,Nicola Barker,2001-03-19,Paperback
Five Realms,Kieran Larwood,2017-03-08,Paperback
Flanimals,Ricky Gervais,2004-10-07,Hardback
Flanimals,Ricky Gervais,2005-10-06,Paperback
Flanimals of the Deep,Ricky Gervais,2006-10-05,Hardback
Flanimals of the Deep,Ricky Gervais,2007-10-04,Paperback
Flight Behaviour,Barbara Kingsolver,2013-04-18,Paperback
Flight Behaviour,Barbara Kingsolver,2012-11-01,Hardback
Flute Basics Pupil's book,Sally Adams,2002-06-20,Paperback
Football Lexicon,John David & Leigh Woodhouse,2004-12-02,Hardback
Forty Acres,Dwayne Alexander Smith,2014-10-02,Paperback
Foster,Claire Keegan,2022-08-18,Paperback
Foster,Claire Keegan,2010-09-02,Paperback
Four Quartets,T. S. Eliot,1943-01-01,First
Fragrant Harbour,John Lanchester,2003-06-05,Paperback
Friendship According to Humphrey,Betty G. Birney,2007-02-01,Paperback
Frost Hollow Hall,Emma Carroll,2013-10-03,Paperback
Funny You Should Ask . . . Again,QI Elves,2021-10-14,Hardback
Funny You Should Ask . . .:Your Questions Answered by the QI Elves,QI Elves,2020-10-15,Hardback
Fusiliers,Mark Urban,2008-05-15,Paperback
Fusiliers,Mark Urban,2007-10-04,Hardback
Gabriel's Gift,Hanif Kureishi,2002-03-18,Paperback
Gb84,David Peace,2005-03-03,Paperback
Gender Swapped Fairy Tales,Karrie Fransman & Jonathan Plackett,2020-11-05,Hardback
Generals,Mark Urban,2006-06-01,Paperback
Generals,Mark Urban,2005-10-06,Hardback
Geneva,Richard Armitage,2023-10-12,Hardback
Ghosts of Spain,Giles Tremlett,2007-03-15,Paperback
Ghosts of Spain,Giles Tremlett,2006-03-16,Hardback
Gilded,Marissa Meyer,2021-11-02,Paperback
Gillespie and I,Jane Harris,2012-01-05,Paperback
Girl,Edna O'Brien,2020-06-18,Paperback
Girl,Edna O'Brien,2019-09-05,Hardback
Girl in a Band,Kim Gordon,2015-12-17,Paperback
Girl in a Band,Kim Gordon,2015-02-24,Paperback
Golden Hill,Francis Spufford,2016-09-29,Paperback
Good Faith,Jane Smiley,2004-03-25,Paperback
Grief Is the Thing with Feathers,Max Porter,2016-08-25,Paperback
Grief is the Thing with Feathers,Max Porter,2015-09-17,Hardback
Habibi,Craig Thompson,2011-09-22,Hardback
Harold Pinter Plays 1,Harold Pinter,1996-09-10,Paperback
Harry Hill's Bumper Book of Bloopers,Harry Hill,2011-10-20,Paperback
Harry Hill's Whopping Great Joke Book,Harry Hill,2008-10-02,Paperback
Harry Hill's Whopping Great Joke Book,Harry Hill,2010-09-02,Paperback
Haweswater,Sarah Hall,2003-06-05,Paperback
Hawkwood,Frances Stonor Saunders,2005-07-07,Paperback
Hawkwood,Frances Stonor Saunders,2004-10-21,Hardback
Headlong,Michael Frayn,2000-06-05,Paperback
Her Every Fear,Peter Swanson,2017-09-07,Paperback
Here to Eternity,Andrew Motion,2002-09-16,Paperback
High in the Clouds,"Paul McCartney, Philip Ardagh & Geoff Dunbar",2005-10-03,Hardback
High Windows,Philip Larkin,1979-10-29,Paperback
His Illegal Self,Peter Carey,2009-03-05,Paperback
History of the Arab Peoples,Albert Hourani,2005-09-01,Paperback
History of the Arab Peoples,Albert Hourani,2002-09-02,Paperback
Holidays According to Humphrey,Betty G. Birney,2010-01-28,Paperback
Holloway,Dan Richards & Robert Macfarlane,2013-05-16,Hardback
Holloway,Dan Richards & Robert Macfarlane,2014-05-01,Paperback
Hope in a Ballet Shoe,Michael DePrince & Elaine DePrince,2015-06-04,Paperback
Horse Heaven,Jane Smiley,2001-04-09,Paperback
Housekeeping,Marilynne Robinson,2005-07-07,Paperback
How I Escaped My Certain Fate,Stewart Lee,2011-08-04,Paperback
How I Escaped My Certain Fate,Stewart Lee,2010-08-05,Paperback
How the Whale Became,Ted Hughes,1975-03-17,First
How To Be Invisible,Kate Bush,2018-12-06,Hardback
How to Speak Money,John Lanchester,2015-03-26,Paperback
How to Speak Money,John Lanchester,2014-09-02,Hardback
Hullabaloo in the Guava Orchard,Kiran Desai,1999-05-03,Paperback
Human Chain,Seamus Heaney,2010-09-02,Hardback
Humphrey'S Big-Big-Big Book of Stories,Betty G. Birney,2009-09-17,Paperback
Humphrey's Book of Fun-Fun-Fun,Betty G. Birney,2010-05-27,Paperback
Humphrey's Great-Great-Great Book of Stories,Betty G. Birney,2010-09-02,Paperback
Humphrey'S Tiny Tales 1,Betty G. Birney,2011-03-03,Paperback
Hundred Years War Vol 1,Jonathan Sumption,1999-08-23,Paperback
Hurdy Gurdy,Christopher Wilson,2021-09-23,Paperback
I Am The Secret Footballer,Anon,2013-09-05,Paperback
I Can Make You Hate,Charlie Brooker,2012-10-04,Hardback
I Can Make You Hate,Charlie Brooker,2013-10-03,Paperback
I Saw A Man,Owen Sheers,2016-05-05,Paperback
"I, Maybot",John Crace,2017-11-02,Hardback
Ian Fleming's Commandos,Nicholas Rankin,2012-05-03,Paperback
Identity,Milan Kundera,1999-04-19,Paperback
If I Don't Know,Wendy Cope,2001-06-04,Paperback
If Walls Could Talk,Lucy Worsley,2012-01-05,Paperback
Ignorance,Milan Kundera,2003-09-04,Paperback
I'll Be Gone in the Dark,Michelle McNamara,2019-02-28,Paperback
I'll Be Gone in the Dark,Michelle McNamara,2018-03-01,Paperback
Immortality,Milan Kundera,2000-08-21,Paperback
In Bitter Chill,Sarah Ward,2015-11-05,Paperback
In Darkling Wood,Emma Carroll,2015-07-02,Paperback
In the Fold,Rachel Cusk,2006-06-01,Paperback
Innocent Blood,P. D. James,1980-03-17,First
Intimacy,Hanif Kureishi,1999-01-18,Paperback
Invisible,Paul Auster,2010-06-24,Paperback
Istanbul,Orhan Pamuk,2006-04-06,Paperback
Ivan's War,Catherine Merridale,2006-09-07,Paperback
Jack Maggs,Peter Carey,1998-06-08,Paperback
Janice Gentle Gets Sexy,Mavis Cheek,1999-11-15,Paperback
Jill,Philip Larkin,2005-03-03,Paperback
Joan of Arc,Helen Castor,2015-05-07,Paperback
John Betjeman,Sir John Betjeman,2009-05-07,Hardback
John Betjeman,Sir John Betjeman,2006-03-02,Paperback
Johnny Panic and the Bible of Dreams,Sylvia Plath,2001-04-09,Paperback
Journals of Sylvia Plath,Sylvia Plath,2001-04-09,Paperback
Jubilee Lines,Carol Ann Duffy,2012-05-03,Hardback
Justin's Annual,Justin Fletcher,2012-08-02,Hardback
Justin's Funny Faces Sticker Activity Book,Justin Fletcher,2012-10-04,Paperback
Justin's Jokes,Justin Fletcher,2011-09-29,Paperback
Kitchen,Banana Yoshimoto,2001-07-23,Paperback
Kitchen,Banana Yoshimoto,2018-03-01,Paperback
Kitchen Disco,Clare Foges,2015-08-06,Paperback
Klara and the Sun,Kazuo Ishiguro,2022-03-03,Paperback
Klara and the Sun,Kazuo Ishiguro,2021-03-02,Hardback
Klopp,Anthony Quinn,2020-11-05,Hardback
Klopp,Anthony Quinn,2021-08-05,Paperback
Kolymsky Heights,Lionel Davidson,2015-03-18,Paperback
Kolymsky Heights,Lionel Davidson,2015-03-26,Paperback
Kudos,Rachel Cusk,2019-04-04,Paperback
Lanny,Max Porter,2019-03-07,Hardback
Lanny,Max Porter,2020-04-02,Paperback
Letters from the Lighthouse,Emma Carroll,2017-06-01,Paperback
Letters of Ted Hughes,Ted Hughes,2007-11-01,Hardback
Leviathan,Paul Auster,2004-02-05,Paperback
Liberty Faber Poetry Diary 2023,Various Poets,2022-08-18,Hardback
Liberty Faber Poetry Diary 2024,Various Poets,2023-08-24,Hardback
Light Perpetual,Francis Spufford,2022-02-03,Paperback
Limitless,Alan Glynn,2011-03-10,Paperback
Livin' the Dreem,Harry Hill,2010-10-07,Hardback
Long Finish (6),Michael Dibdin,2004-08-05,Paperback
Long Long Way,Sebastian Barry,2005-04-07,Paperback
Long Way Down,Jason Reynolds,2018-08-02,Paperback
Look Back in Anger,John Osborne,1978-11-06,Paperback
Lord of the Flies,William Golding,1954-09-17,First
Lost Daughter of Happiness,Geling Yan,2002-09-16,Paperback
Love After Love,Ingrid Persaud,2021-01-14,Paperback
Ludmila's Broken English,DBC Pierre,2006-11-02,Paperback
Lullaby,Leila Slimani,2018-07-26,Paperback
Lullaby,Leila Slimani,2018-01-11,Paperback
Macavity: The Mystery Cat,T. S. Eliot & Arthur Robins,2014-05-01,Paperback
Making Cocoa for Kingsley Amis,Wendy Cope,2001-04-09,Paperback
Making History,Brian Friel,1989-01-09,Paperback
Malignant Sadness,Lewis Wolpert,2001-02-19,Paperback
Man Who Broke Napoleon's Codes,Mark Urban,2002-07-08,Paperback
Manchester,Kevin Cummins,2009-09-17,Hardback
Maps for Lost Lovers,Nadeem Aslam,2005-06-02,Paperback
March of the Lemmings,Stewart Lee,2019-09-05,Paperback
Marianne Dreams (Children's Classics),Catherine Storr,2000-04-03,Paperback
Mary Ventura and the Ninth Kingdom,Sylvia Plath,2019-01-03,Paperback
Matt Millz,Harry Hill,2018-04-05,Paperback
Mauve,Simon Garfield,2001-09-03,Paperback
Max and the Millions,Ross Montgomery,2018-03-01,Paperback
Mayflies,Andrew O'Hagan,2021-06-03,Paperback
Mayflies,Andrew O'Hagan,2020-09-03,Hardback
Medusa,Michael Dibdin,2004-08-05,Paperback
Meet Me in the Bathroom,Lizzy Goodman,2017-08-03,Paperback
Memoir,John McGahern,2006-06-01,Paperback
Memoir,John McGahern,2005-08-25,Hardback
Memoirs of a Fox-hunting Man,Siegfried Sassoon,1928-09-01,First
Memoirs of an Infantry Officer,Siegfried Sassoon,1974-02-13,Paperback
Midnight Fox,Betsy Byars,2006-08-03,Paperback
Milkman,Anna Burns,2018-09-20,Paperback
Miss Dior,Justine Picardie,2021-09-09,Hardback
Molly Fox's Birthday,Deirdre Madden,2009-04-23,Paperback
Moon Palace,Paul Auster,1990-04-30,Paperback
Moondial,Helen Cresswell,2015-07-02,Paperback
More Adventures According to Humphrey,Betty G. Birney,2009-02-05,Paperback
More Flanimals,Ricky Gervais,2005-10-10,Hardback
More Flanimals,Ricky Gervais,2006-10-05,Paperback
"Mother, Brother, Lover",Jarvis Cocker,2011-10-20,Hardback
Mr Lear,Jenny Uglow,2017-10-05,Hardback
Mr Mistoffelees: The Conjuring Cat,T. S. Eliot & Arthur Robins,2015-04-09,Paperback
Mr Phillips,John Lanchester,2001-01-08,Paperback
Mr Phillips,John Lanchester,2013-01-03,Paperback
Mr Salary,Sally Rooney,2019-01-03,Paperback
Mrs Fytton's Country Life,Mavis Cheek,2001-03-05,Paperback
Mrs Fytton's Country Life,Mavis Cheek,2005-05-05,Paperback
Murder at Deviation Junction,Andrew Martin,2008-04-03,Paperback
Murmuring Judges,David Hare,2002-03-18,Paperback
My First Justin's Jokes,Justin Fletcher,2012-05-03,Paperback
My Hair,Hannah Lee,2019-09-05,Paperback
My Life as a Fake,Peter Carey,2004-06-03,Paperback
My Name is Red,Orhan Pamuk,2002-06-19,Paperback
My Name Is Red,Orhan Pamuk,2011-10-13,Paperback
Mysteries According to Humphrey,Betty G. Birney,2012-02-02,Paperback
Narcopolis,Jeet Thayil,2013-02-07,Paperback
Narcopolis,Jeet Thayil,2012-02-02,Paperback
Natures Engraver,Jenny Uglow,2006-10-05,Hardback
Nature's Engraver,Jenny Uglow,2007-09-06,Paperback
Necropolis Railway,Andrew Martin,2003-07-03,Paperback
Nelson,Andrew Lambert,2005-07-07,Paperback
Never Let Me Go,Kazuo Ishiguro,2006-03-02,Paperback
Never Let Me Go,Kazuo Ishiguro,2005-03-03,Hardback
Never Let Me Go Film Tie-in,Kazuo Ishiguro,2010-11-04,Paperback
New and Selected Poems,Ted Hughes,2001-08-06,Paperback
New Selected Poems 1966-1987,Seamus Heaney,2002-03-04,Paperback
Newton and the Counterfeiter,Thomas Levenson,2010-08-05,Paperback
Nightwood,Djuna Barnes,2007-04-05,Paperback
Nina Simone's Gum,Warren Ellis,2021-09-02,Hardback
Nine Lives,Peter Swanson,2023-02-02,Paperback
No Angel,Tom Bower,2012-03-01,Paperback
No Angel,Tom Bower,2011-02-24,Hardback
Nobody's Horse,Jane Smiley,2010-06-03,Paperback
Nocturnes,Kazuo Ishiguro,2010-03-18,Paperback
Nocturnes,Kazuo Ishiguro,2009-05-07,Hardback
Normal People,Sally Rooney,2019-05-02,Paperback
Normal People,Sally Rooney,2018-08-30,Hardback
North,Seamus Heaney,2001-10-08,Paperback
Norwegian by Night,Derek B. Miller,2013-09-05,Paperback
Nothing is True and Everything is Possible,Peter Pomerantsev,2017-09-21,Paperback
Nothing is True and Everything is Possible,Peter Pomerantsev,2015-12-10,Paperback
Now All Roads Lead to France,Matthew Hollis,2012-01-05,Paperback
Of Mutability,Jo Shapcott,2011-01-06,Paperback
Old God's Time,Sebastian Barry,2023-03-02,Hardback
Old Possum's Book of Practical Cats,T. S. Eliot,1939-09-01,First
On Canaan's Side,Sebastian Barry,2012-04-05,Paperback
On Connection,Kae Tempest,2022-03-17,Paperback
On Connection,Kae Tempest,2020-10-01,Hardback
On Film-making,Alexander Mackendrick,2006-06-01,Paperback
Open City,Teju Cole,2012-02-02,Paperback
Opened Ground,Seamus Heaney,2002-01-02,Paperback
Oracle Night,Paul Auster,2005-02-03,Paperback
Original Sin,P. D. James,1994-10-19,First
Oscar and Lucinda,Peter Carey,1989-06-19,Paperback
Our Fathers,Andrew O'Hagan,2004-05-06,Paperback
Outline,Rachel Cusk,2018-05-03,Paperback
Pale View of Hills,Kazuo Ishiguro,2005-03-03,Paperback
Palo Alto,James Franco,2011-08-04,Paperback
Paper Aeroplane,Simon Armitage,2015-04-02,Paperback
Parrot and Olivier in America,Peter Carey,2011-02-03,Paperback
Parrot and Olivier in America,Peter Carey,2010-02-04,Hardback
Patrick Parker's Progress,Mavis Cheek,2005-03-03,Paperback
Penance,Eliza Clark,2023-07-06,Hardback
Perfidious Albion,Sam Byers,2019-03-07,Paperback
Period Piece,Gwen Raverat,2002-11-04,Paperback
Personality,Andrew O'Hagan,2004-04-01,Paperback
Pigs in Heaven,Barbara Kingsolver,2000-01-10,Paperback
Platform Seven,Louise Doughty,2020-04-30,Paperback
Pocket Guide to Shakespeare's Plays,Kenneth McLeish,1998-03-16,Paperback
Poetry in the Making,Ted Hughes,2008-10-16,Paperback
Poetry Please,Various Poets,2014-09-18,Paperback
Poetry Please,Various Poets,2013-10-03,Hardback
Pretty Straight Guys,Nick Cohen,2004-07-01,Paperback
Prey,James Carol,2015-02-26,Paperback
Prince,Matt Thorne,2013-11-07,Paperback
Prodigal Summer,Barbara Kingsolver,2001-06-04,Paperback
Prodigal Summer,Barbara Kingsolver,2013-04-11,Paperback
Prospero's Cell,Lawrence Durrell,2000-07-03,Paperback
Prufrock and Other Observations,T. S. Eliot,2001-02-19,Paperback
Puzzle Ninja,Alex Bellos,2017-10-05,Paperback
Qi Advanced Banter,John Lloyd & John Mitchinson,2008-10-02,Hardback
Qi Advanced Banter:The Qi Book of Quotations,John Lloyd & John Mitchinson,2009-10-08,Paperback
QI Annual 2008,John Lloyd & John Mitchinson,2007-11-01,Hardback
QI Annual 2009,John Lloyd & John Mitchinson,2008-11-06,Hardback
Qi Annual 2010,John Mitchinson,2009-11-05,Hardback
Qi: the Book of Animal Ignorance,John Lloyd & John Mitchinson,2007-10-04,Hardback
Qi: the Book of General Ignorance,Stephen Fry,2006-10-05,Hardback
QI: The Book of General Ignorance - The Noticeably Stouter Edition,John Lloyd & John Mitchinson,2008-12-25,Paperback
Qi: the Book of the Dead,John Lloyd & John Mitchinson,2010-09-30,Paperback
Qi: the Pocket Book of General Ignorance,John Lloyd & John Mitchinson,2008-04-03,Paperback
QI: The Second Book of General Ignorance,John Lloyd & John Mitchinson,2011-10-06,Paperback
QI: The Second Book of General Ignorance,John Lloyd & John Mitchinson,2015-03-05,Paperback
QI: The Second Book of General Ignorance:The Discreetly Plumper Editio,John Lloyd & John Mitchinson,2012-10-04,Paperback
QI: The Third Book of General Ignorance,"John Lloyd, John Mitchinson & James Harkin",2015-10-01,Hardback
QI: The Third Book of General Ignorance,"John Lloyd, John Mitchinson & James Harkin",2016-08-25,Paperback
Quantum Theory Cannot Hurt You,Marcus Chown,2008-09-04,Paperback
Quantum Theory Cannot Hurt You,Marcus Chown,2007-11-01,Hardback
Rain,Don Paterson,2009-09-03,Hardback
Ratking (1),Michael Dibdin,2004-08-05,Paperback
Ratking (Tv Tie-in),Michael Dibdin,2010-12-30,Paperback
Rattle Bag,Seamus Heaney,1997-04-07,Paperback
Rebel of the Sands,Alwyn Hamilton,2016-02-04,Paperback
Red or Dead,David Peace,2014-05-01,Paperback
Red or Dead,David Peace,2013-08-01,Hardback
Red Plenty,Francis Spufford,2011-07-07,Paperback
Remains of the Day,Kazuo Ishiguro,2005-03-03,Paperback
Remains of the Day,Kazuo Ishiguro,1999-07-19,Paperback
Resistance,Owen Sheers,2008-03-06,Paperback
Retromania,Simon Reynolds,2012-01-05,Paperback
Return of John Macnab,Andrew Greig,2002-05-06,Paperback
Rifles,Mark Urban,2004-09-02,Paperback
Rifles,Mark Urban,2003-10-02,Hardback
Rip it Up and Start Again,Simon Reynolds,2006-02-02,Paperback
Rip it Up and Start Again,Simon Reynolds,2005-04-21,Paperback
Robert Mitchum,Lee Server,2002-10-07,Paperback
Robert Mitchum,Lee Server,2001-09-15,Hardback
Rooftoppers,Katherine Rundell,2013-03-07,Paperback
Rosencrantz and Guildenstern Are Dead,Tom Stoppard,1973-01-01,Paperback
Rules for Perfect Murders,Peter Swanson,2020-12-10,Paperback
Running with the Kenyans,Adharanand Finn,2013-04-04,Paperback
Running with the Kenyans,Adharanand Finn,2012-04-05,Paperback
Sacred Games,Vikram Chandra,2007-07-05,Paperback
Safe House,Chris Ewan,2013-03-07,Paperback
Savage Girls and Wild Boys,Michael Newton,2003-02-17,Paperback
School According to Humphrey,Betty G. Birney,2011-01-20,Paperback
Second Place,Rachel Cusk,2021-05-06,Hardback
Second Place,Rachel Cusk,2022-07-07,Paperback
Secret Footballer,Anon,2016-07-28,Paperback
Secret Footballer,Anon,2015-11-05,Paperback
Secret Scripture,Sebastian Barry,2008-05-01,Hardback
Secrets of a Sun King,Emma Carroll,2018-08-02,Paperback
Selected Poems,W H Auden,1979-07-16,Paperback
Selected Poems,W.H. Auden,2010-02-04,Paperback
Selected Poems 1923-1958,E.E. Cummings,1977-08-08,Paperback
Selected Poems of Edward Thomas,Edward Thomas,2011-08-04,Paperback
Selected Poems of Simon Armitage,Simon Armitage,2001-08-06,Paperback
Selected Poems of Sylvia Plath,Sylvia Plath,2003-03-03,Paperback
Selected Poems of T. S. Eliot,T. S. Eliot,2002-02-18,Paperback
Selected Poems of T. S. Eliot,T. S. Eliot,2009-05-07,Hardback
Self,Yann Martel,2003-04-07,Paperback
Serious Concerns,Wendy Cope,2002-03-18,Paperback
Sex Life of My Aunt,Mavis Cheek,2003-03-17,Paperback
Sex Power Money,Sara Pascoe,2019-08-29,Hardback
Shadow State,Luke Harding,2020-07-02,Paperback
Shadowlands,Matthew Green,2023-04-06,Paperback
Shadowlands,Matthew Green,2022-03-17,Hardback
Shadowmancer,G P Taylor,2003-06-19,Paperback
Shadowmancer,G. P. Taylor,2004-02-05,Paperback
Shadowmancer (Special Edition),G P Taylor,2003-10-23,Hardback
She-Wolves,Helen Castor,2011-07-07,Paperback
She-Wolves,Helen Castor,2010-10-07,Hardback
Shroud for a Nightingale,P. D. James,1971-01-01,First
Shy,Max Porter,2023-04-06,Hardback
Silent House,Orhan Pamuk,2013-08-01,Paperback
Sir Gawain and the Green Knight,Simon Armitage,2009-03-05,Paperback
Sir Gawain and the Green Knight,Simon Armitage,2007-01-04,Hardback
Six Poets,Alan Bennett,2015-10-01,Paperback
Six Poets,Alan Bennett,2014-10-02,Hardback
Skimbleshanks: The Railway Cat,T. S. Eliot & Arthur Robins,2015-11-05,Paperback
Skios,Michael Frayn,2013-04-04,Paperback
Skios,Michael Frayn,2012-05-03,Hardback
Skios,Michael Frayn,2012-05-03,Paperback
Skull Beneath the Skin,P. D. James,1982-10-04,First
Sleep No More,P. D. James,2017-10-05,Hardback
Sleep No More,P. D. James,2018-10-04,Paperback
Small Things Like These,Claire Keegan,2022-11-03,Paperback
Small Things Like These,Claire Keegan,2021-10-21,Hardback
Snow,John Banville,2021-10-28,Paperback
Snow,John Banville,2020-10-01,Hardback
Snow,Orhan Pamuk,2005-04-07,Paperback
Snow,Walter de la Mare,2014-10-16,Paperback
So Late in the Day,Claire Keegan,2023-08-31,Hardback
Solaris,Lem Stanislaw,2003-02-03,Paperback
Solaris,Stanislaw Lem,2016-03-03,Paperback
Something to Tell You,Hanif Kureishi,2008-12-25,Paperback
Sorry for the Dead,Nicola Upson,2020-07-02,Paperback
Space Tortoise,Ross Montgomery,2018-05-03,Paperback
Spain,Jan Morris,2008-08-07,Paperback
Spies,Michael Frayn,2003-01-20,Paperback
Spies,Michael Frayn,2002-02-04,Hardback
Spire,William Golding,2005-04-07,Paperback
Sprinkle of Glitter 2016 Diary,Louise Pentland,2015-08-13,Hardback
Sprinkle of Glitter Diary 2017,Louise Pentland,2016-08-04,Hardback
Squishy McFluff,Pip Jones,2014-02-06,Paperback
Stan and Ollie,Simon Louvish,2002-09-02,Paperback
Stanley,Tim Jeal,2008-03-06,Paperback
Stewart Lee! The 'If You Prefer a Milder Comedian Please Ask For One' ,Stewart Lee,2012-01-05,Paperback
Strange Star,Emma Carroll,2016-07-07,Paperback
Strangers,Taichi Yamada,2006-01-05,Paperback
Strangers,Taichi Yamada,2005-01-20,Paperback
Such a Long Journey,Rohinton Mistry,2006-10-19,Paperback
Suffer the Children,Adam Creed,2009-11-05,Paperback
Sunburn,Laura Lippman,2018-06-07,Paperback
Sunset Park,Paul Auster,2011-06-02,Paperback
Super-Infinite,Katherine Rundell,2023-03-16,Paperback
Super-Infinite,Katherine Rundell,2022-04-14,Hardback
Surprises According to Humphrey,Betty G. Birney,2008-10-02,Paperback
Survivors,David Long,2017-10-05,Paperback
Survivors,David Long,2016-10-20,Hardback
Sweet Revenge,Tom Bower,2012-04-20,Hardback
Sweet Revenge,Tom Bower,2012-09-13,Paperback
Swimming Home,Deborah Levy,2012-09-10,Paperback
Sylvia Plath,Sylvia Plath,2004-01-22,Paperback
Sylvia Plath Poems Chosen by Carol Ann Duffy,Sylvia Plath,2019-03-07,Paperback
Tales from Ovid,Ted Hughes,2002-02-18,Paperback
Tales from the Secret Footballer,Anon,2013-11-07,Paperback
Tales from the Secret Footballer,Anon,2014-08-21,Paperback
Ted Hughes,Ted Hughes,2004-03-04,Paperback
Terrible Times,Philip Ardagh,2003-09-04,Paperback
Tersias,G P Taylor,2005-08-04,Hardback
Tersias,G.P. Taylor,2006-06-01,Paperback
That Face,Polly Stenham,2008-05-01,Paperback
That Summer,Andrew Greig,2001-07-09,Paperback
That They May Face the Rising Sun,John McGahern,2003-01-20,Paperback
"The 1,411 QI Facts To Knock You Sideways","John Lloyd, John Mitchinson & James Harkin",2016-05-05,Paperback
The Accident,Chris Pavone,2015-01-05,Paperback
The Accidental Stowaway,Judith Eagle,2022-08-04,Paperback
The Alexandria Quartet,Lawrence Durrell,2012-02-16,Paperback
The Animator's Survival Kit,Richard E. Williams,2009-11-05,Paperback
The Bad Girl,Mario Vargas Llosa,2008-08-07,Paperback
The Beasts of Grimheart,Kieran Larwood,2019-04-04,Paperback
The Bell Jar,Sylvia Plath,1963-01-14,First
The Birthday Party,Harold Pinter,1991-03-04,Paperback
The Black Book,Orhan Pamuk,2006-08-03,Paperback
The Black Tower,P. D. James,1975-04-14,First
The Blackpool Highflyer,Andrew Martin,2005-09-01,Paperback
The Body and Other Stories,Hanif Kureishi,2003-05-06,Paperback
The Book of Laughter and Forgetting,Milan Kundera,1996-05-20,Paperback
The Boy Who Kicked Pigs,Tom Baker,2005-10-20,Paperback
The Brief Wondrous Life of Oscar Wao,Junot Diaz,2009-02-05,Paperback
The Brief Wondrous Life of Oscar Wao,Junot Diaz,2008-02-21,Paperback
The Brooklyn Follies,Paul Auster,2006-09-07,Paperback
The Buddha of Suburbia,Hanif Kureishi,2009-01-08,Paperback
The Building Boy,Ross Montgomery,2016-09-01,Paperback
The Burial at Thebes,Seamus Heaney,2005-03-17,Paperback
The Buried Giant,Kazuo Ishiguro,2016-01-28,Paperback
The Buried Giant,Kazuo Ishiguro,2015-03-03,Hardback
The Canon,Natalie Angier,2008-12-25,Paperback
The Caretaker,Harold Pinter,1991-03-04,Paperback
The Chemistry of Tears,Peter Carey,2013-03-07,Paperback
The Child that Books Built,Francis Spufford,2003-03-17,Paperback
The Children of Castle Rock,Natasha Farrant,2018-03-01,Paperback
The Children of Green Knowe,Lucy M. Boston,2000-04-03,Paperback
The Children of Green Knowe Collection,Lucy M. Boston,2013-10-03,Paperback
The Children of Men,P. D. James,1992-09-28,First
The Christmas Guest,Peter Swanson,2023-09-28,Hardback
The Collected Stories of Lorrie Moore,Lorrie Moore,2009-05-07,Paperback
The Coma,Alex Garland,2004-07-01,Paperback
The Coma,Alex Garland,2005-07-07,Paperback
The Complete Book of Aunts,Rupert Christiansen,2006-10-05,Hardback
The Complete Dramatic Works of Samuel Beckett,Samuel Beckett,2006-01-05,Paperback
The Complete Nonsense of Edward Lear,Edward Lear,2001-04-09,Paperback
The Complete Poems and Plays of T. S. Eliot,T. S. Eliot,2004-10-07,Paperback
The Country Girls Trilogy,Edna O'Brien,2019-03-07,Paperback
The Country Girls Trilogy,Edna O'Brien,2017-09-07,Paperback
The Crafty Art of Playmaking,Alan Ayckbourn,2004-01-22,Paperback
The Cry,Helen FitzGerald,2018-10-04,Paperback
The Cryptographer,Tobias Hill,2004-07-01,Paperback
The Damned Utd,David Peace,2007-04-05,Paperback
The Damned Utd,David Peace,2009-03-05,Paperback
The Dark Clue,James Wilson,2002-05-20,Paperback
The Dark Stuff,Nick Kent,2007-03-15,Paperback
The Dead of Winter,Nicola Upson,2021-11-04,Paperback
The Devil You Know,Gwen Adshead & Eileen Horne,2022-06-30,Paperback
The Discomfort of Evening,Lucas Rijneveld,2020-09-24,Paperback
The Electric Michelangelo,Sarah Hall,2005-03-03,Paperback
The Electric Michelangelo,Sarah Hall,2004-03-18,Paperback
The Ex,Alafair Burke,2016-07-14,Paperback
The Expats,Chris Pavone,2013-01-17,Paperback
The Faber Book of Reportage,Professor John Carey,1996-10-07,Paperback
The Farmer's Wife,Helen Rebanks,2023-08-31,Hardback
The Feast,Margaret Kennedy,2021-06-03,Paperback
The Forbidden Room,Mrs Sarah Wray,2007-01-18,Paperback
The Forger,Paul Watkins,2001-06-04,Paperback
The Fortress of Solitude,Jonathan Lethem,2005-01-06,Paperback
The Funny You Should Ask . . .:Your Questions Answered by the QI Elves,QI Elves,2021-06-03,Paperback
The Further Adventures of the Queen Mum,Harry Hill,2007-10-04,Hardback
The Gift of Dark Hollow,Kieran Larwood,2018-04-05,Paperback
The Girl in the Red Coat,Kate Hamer,2015-12-24,Paperback
The Girl Savage,Katherine Rundell,2011-01-06,Paperback
The Girl Who Walked On Air,Emma Carroll,2014-08-07,Paperback
The Girl With A Clock For A Heart,Peter Swanson,2016-06-02,Paperback
The Golden Mole,Katherine Rundell,2022-10-20,Hardback
The Golden Mole,Katherine Rundell,2023-11-02,Paperback
The Grip of Film,Richard Ayoade,2017-10-05,Paperback
The Hell of it All,Charlie Brooker,2009-10-01,Hardback
The History Boys,Alan Bennett,2004-06-17,Paperback
The Hollow Crown,Dan Jones,2015-04-30,Paperback
The Hollow Crown,Dan Jones,2014-09-04,Hardback
The Homecoming,Harold Pinter,1991-01-21,Paperback
The Hug,Eoin McLaughlin,2019-01-03,Paperback
The Hug,Eoin McLaughlin,2019-01-03,Hardback
The Human Touch,Michael Frayn,2007-09-06,Paperback
The Human Touch,Michael Frayn,2006-09-21,Hardback
The Idiot Brain,Dean Burnett,2017-03-02,Paperback
The Idiot Brain,Dean Burnett,2016-02-18,Paperback
The Illuminations,Andrew O'Hagan,2015-12-31,Paperback
The Immigrant,Manju Kapur,2009-12-03,Paperback
The Iron Man,Ted Hughes,1968-02-26,First
The Iron Woman,Ted Hughes,1993-08-13,First
The Janissary Tree,Jason Goodwin,2007-06-07,Paperback
The Joke,Milan Kundera,2000-08-21,Paperback
The Joy of Small Things,Hannah Jane Parkinson,2022-06-02,Paperback
The Joy of Small Things,Hannah Jane Parkinson,2021-10-07,Hardback
The Jungle Book,Rudyard Kipling,2016-08-10,Paperback
The Kid Stays in the Picture,Robert Alan Evans,2004-02-19,Paperback
The Kind Worth Killing,Peter Swanson,2015-09-03,Paperback
The Lacuna,Barbara Kingsolver,2010-04-22,Paperback
The Lady in the Van,Alan Bennett,2015-11-05,Hardback
The Land of Neverendings,Kate Saunders,2018-07-05,Paperback
The Language Lover’s Puzzle Book,Alex Bellos,2020-11-05,Paperback
The Last Englishman,Roland Chambers,2010-05-01,Paperback
The Last King of Scotland,Giles Foden,2007-01-18,Paperback
The Last King of Scotland,Giles Foden,1999-01-28,Paperback
The Last Place You Look,Kristen Lepionka,2017-07-06,Paperback
The Last Train to Scarborough,Andrew Martin,2010-04-01,Paperback
The Legend of Podkin One-Ear,Kieran Larwood,2017-06-01,Paperback
The Lesser Bohemians,Eimear McBride,2017-05-04,Paperback
The Lighthouse,P. D. James,2006-04-06,Paperback
The Lighthouse,P. D. James,2005-10-10,Hardback
The Little Red Chairs,Edna O'Brien,2016-06-02,Paperback
The Little Red Chairs,Edna O'Brien,2015-10-29,Hardback
The Long Shadow,Celia Fremlin,2018-11-01,Paperback
"The Longer the Wait, the Bigger the Hug",Eoin McLaughlin,2021-06-29,Paperback
The Lost Luggage Porter,Andrew Martin,2007-05-03,Paperback
The Love of Stones,Tobias Hill,2002-02-04,Paperback
The Lunar Men,Jenny Uglow,2003-09-04,Paperback
The Lunar Men,Jenny Uglow,2002-09-16,Hardback
The Melancholy Death of Oyster Boy,Tim Burton,2004-11-18,Paperback
The Melancholy Death of Oyster Boy,Tim Burton,1998-12-07,Hardback
The Midnight Fox,Betsy Byars,2014-05-01,Paperback
The Mistletoe Murder and Other Stories,P. D. James,2017-10-05,Paperback
The Mistletoe Murder and Other Stories,P. D. James,2016-10-06,Hardback
The Moor,William Atkins,2015-05-07,Paperback
The Murder Room,P. D. James,2004-02-05,Paperback
The Murder Room,P. D. James,2003-07-03,Hardback
The Museum of Innocence,Orhan Pamuk,2010-09-02,Paperback
The Museum of Innocence,Orhan Pamuk,2009-12-24,Hardback
The Necropolis Railway,Andrew Martin,2005-09-01,Paperback
The Never-Ending Days of Being Dead,Marcus Chown,2007-09-20,Paperback
The New Faber Book of Love Poems,Various Poets,2008-02-07,Paperback
The New York Trilogy,Paul Auster,2004-02-05,Paperback
The New York Trilogy,Paul Auster,2011-06-02,Paperback
The Observations,Jane Harris,2007-02-01,Paperback
The Orange and other poems,Wendy Cope,2023-11-09,Hardback
The Other Half,Charlotte Vassell,2023-09-28,Paperback
The Owl and the Nightingale,Simon Armitage,2021-10-07,Hardback
The Pebbles on the Beach,Clarence Ellis,2018-08-02,Paperback
The Pillowman,Martin McDonagh,2003-11-20,Paperback
The Plot,Jean Hanff Korelitz,2021-08-05,Paperback
The Poisonwood Bible,Barbara Kingsolver,1999-02-01,First
The Polar Bear Explorers' Club,Alex Bell,2017-11-02,Paperback
The Premonitions Bureau,Sam Knight,2022-05-05,Hardback
The Premonitions Bureau,Sam Knight,2023-04-06,Paperback
The Private Patient,P. D. James,2008-08-28,Hardback
The Private Patient,P. D. James,2009-04-02,Paperback
The QI Book of the Dead,John Lloyd & John Mitchinson,2009-11-05,Hardback
The Queen's Agent,John Cooper,2012-07-05,Paperback
The Railway Children,E. Nesbit,2016-05-05,Paperback
The Red-Haired Woman,Orhan Pamuk,2018-07-05,Paperback
The Remains of the Day,Kazuo Ishiguro,2010-04-01,Paperback
The Remains of the Day,Kazuo Ishiguro,2015-04-02,Paperback
The Resurrectionist,James Bradley,2008-06-19,Paperback
The Rose of Tibet,Lionel Davidson,2016-03-03,Paperback
The Secret Footballer's Guide to the Modern Game,Anon,2014-11-06,Hardback
The Secret Footballer's Guide to the Modern Game,Anon,2015-08-06,Paperback
The Secret Garden,Frances Hodgson Burnett,2015-07-02,Paperback
The Secret Life of Cows,Rosamund Young,2017-10-05,Hardback
The Secret Life of Cows,Rosamund Young,2018-06-07,Paperback
The Secret Life of France,Lucy Wadham,2010-07-01,Paperback
The Secret Life of France,Lucy Wadham,2009-07-02,Paperback
The Secret Scripture,Sebastian Barry,2009-01-29,Paperback
The Secret Scripture,Sebastian Barry,2015-03-05,Paperback
The Secret Teacher,Anon,2018-08-02,Paperback
The Seven Professors of the Far North,John Fardell,2004-10-07,Paperback
The Sex Life of My Aunt,Mavis Cheek,2002-03-04,Paperback
The Somerset Tsunami,Emma Carroll,2019-10-03,Paperback
The Somme Stations,Andrew Martin,2012-02-02,Paperback
The Spy's Handbook,Herbie Brennan,2003-04-21,Paperback
The Story of a Marriage,Andrew Sean Greer,2009-05-07,Paperback
The Story of Ferdinand,Munro Leaf,2017-09-07,Paperback
The Story of Forgetting,Stefan Block,2009-02-26,Paperback
The Strangest Man,Graham Farmelo,2009-12-24,Paperback
The Temporary Gentleman,Sebastian Barry,2015-02-05,Paperback
The The QI Annual 2011,John Lloyd,2010-11-04,Hardback
The Thick of It,"Armando Iannucci, Jesse Armstrong et al",2010-11-04,Paperback
The Three Dimensions of Freedom,Billy Bragg,2019-05-02,Paperback
The Travelers,Chris Pavone,2016-08-25,Paperback
The Turbulent Term of Tyke Tiler,Gene Kemp,2015-01-01,Paperback
The Ultimate Book of Heroic Failures,Stephen Pile,2011-10-20,Hardback
The Unbearable Lightness of Being,Milan Kundera,1984-05-21,Hardback
The Unconsoled,Kazuo Ishiguro,2013-02-07,Paperback
The Wall,John Lanchester,2019-09-05,Paperback
The Wall,John Lanchester,2019-01-17,Hardback
The Waste Land,T. S. Eliot,1922-10-16,First
The Wasted Vigil,Nadeem Aslam,2009-06-04,Paperback
The Way to Paradise,Mario Vargas Llosa,2004-11-04,Paperback
The Week at World's End,Emma Carroll,2022-03-03,Paperback
The Whereabouts of Eneas McNulty,Sebastian Barry,2006-06-01,Paperback
The White War,Mark Thompson,2009-04-02,Paperback
The Whitsun Weddings,Philip Larkin,2001-05-08,Paperback
The Wife,Alafair Burke,2018-08-02,Paperback
The Wilding,Maria McCann,2010-09-02,Paperback
The Wind in the Willows,Kenneth Grahame,2015-07-02,Paperback
The Wolf Border,Sarah Hall,2016-03-03,Paperback
The World According to Humphrey,Betty G. Birney,2006-02-02,Paperback
Theft,Peter Carey,2007-06-07,Paperback
Theft,Peter Carey,2006-06-01,Hardback
They (Faber Editions),Kay Dick,2022-02-03,Paperback
Thinking About It Only Makes It Worse,David Mitchell,2015-06-04,Paperback
Thinking About It Only Makes It Worse,David Mitchell,2014-11-06,Hardback
This Book Will Change Your Mind About Mental Health,Nathan Filer,2019-12-26,Paperback
This Is How You Lose Her,Junot Diaz,2013-09-05,Paperback
This Is Not Propaganda,Peter Pomerantsev,2019-08-01,Paperback
This Is Not Propaganda,Peter Pomerantsev,2020-10-01,Paperback
This Mournable Body,Tsitsi Dangarembga,2020-09-15,Paperback
Three Dublin Plays,Sean O'Casey,1998-07-20,Paperback
Through the Woods,Emily Carroll,2015-05-07,Paperback
Thunder God,Paul Watkins,2005-05-05,Paperback
Tim the Tiny Horse,Harry Hill,2006-10-05,Hardback
Tim the Tiny Horse,Harry Hill,2007-10-04,Paperback
Timbuktu,Paul Auster,2008-01-03,Paperback
Timbuktu,Paul Auster,2000-06-05,Paperback
Tokyo Year Zero,David Peace,2008-09-04,Paperback
Touching from a Distance,Deborah Curtis,2005-02-17,Paperback
Touching from a Distance,Deborah Curtis,2001-06-04,Paperback
Touching from a Distance (Film Tie-in),Deborah Curtis,2007-10-04,Paperback
Towards the End of the Morning,Michael Frayn,1967-01-01,First
Transit,Rachel Cusk,2018-05-03,Paperback
Translations,Brian Friel,1981-04-27,Paperback
Travels in the Scriptorium,Paul Auster,2007-09-06,Paperback
Trieste,Jan Morris,2002-07-22,Paperback
Trouble According to Humphrey,Betty G. Birney,2008-04-03,Paperback
True and False,David Mamet,1998-05-18,Paperback
True History of the Kelly Gang,Peter Carey,2001-01-08,Hardback
True History of the Kelly Gang,Peter Carey,2001-09-03,Paperback
True Tales of American Life,Paul Auster,2002-10-07,Paperback
Turbulence,Giles Foden,2010-05-01,Paperback
Turbulent Term of Tyke Tiler,Gene Kemp,2006-04-06,Paperback
TV Go Home,Charlie Brooker,2010-11-04,Paperback
Two Cures for Love,Wendy Cope,2009-02-05,Paperback
Unapologetic,Francis Spufford,2013-03-07,Paperback
Uncle Paul,Celia Fremlin,2023-06-29,Paperback
Uncle Petros and Goldbach's Conjecture,Apostolos Doxiadis,2001-03-05,Paperback
Uncommon Ground,Dominick Tyler,2015-03-19,Paperback
Unconsoled,Kazuo Ishiguro,2005-03-03,Paperback
Unconsoled,Kazuo Ishiguro,1999-07-19,Paperback
Undercover,Paul Lewis & Rob Evans,2014-03-06,Paperback
Undercover,Paul Lewis & Rob Evans,2013-06-25,Paperback
Unnatural Causes,P. D. James,1967-01-01,First
Unsheltered,Barbara Kingsolver,2019-06-06,Paperback
Unsheltered,Barbara Kingsolver,2018-10-18,Hardback
Untold Stories,Alan Bennett,2005-10-03,Hardback
Untold Stories,Alan Bennett,2006-09-07,Paperback
Vendetta (2),Michael Dibdin,2004-08-05,Paperback
Venice,Jan Morris,2004-10-07,Paperback
Vernon God Little,DBC Pierre,2003-01-20,Paperback
Vernon God Little,DBC Pierre,2003-01-20,Paperback
Voices from the Grave,Ed Moloney,2010-03-31,Paperback
Voyage of the Sparrowhawk,Natasha Farrant,2020-09-03,Paperback
W. B. Yeats,W.B. Yeats,2009-05-07,Hardback
W. H. Auden,W.H. Auden,2005-04-07,Paperback
W. H. Auden,W.H. Auden,2009-05-07,Hardback
Waiting for Godot,Samuel Beckett,2006-01-05,Paperback
Waiting for Godot,Samuel Beckett,1998-02-16,Paperback
Walk the Blue Fields,Claire Keegan,2008-05-01,Paperback
Walking Away,Simon Armitage,2016-05-05,Paperback
Walking Away,Simon Armitage,2015-06-04,Hardback
Walking Home,Simon Armitage,2013-04-04,Paperback
Walking Home,Simon Armitage,2012-07-05,Hardback
Wasted Calories and Ruined Nights,Jay Rayner,2018-10-04,Paperback
Watch Me,James Carol,2014-08-07,Paperback
We Need to Talk About Kelvin,Marcus Chown,2010-09-02,Paperback
Weirdo,Sara Pascoe,2023-09-14,Hardback
What Good are the Arts?,Professor John Carey,2006-06-01,Paperback
What Happened to You?,James Catchpole,2021-04-01,Paperback
What Just Happened?!,Marina Hyde,2022-10-06,Hardback
What Just Happened?!,Marina Hyde,2023-06-01,Paperback
What Would Boudicca Do?,Beth Coates & Elizabeth Foley,2018-09-06,Hardback
What Would Boudicca Do?,Beth Coates & Elizabeth Foley,2019-03-07,Paperback
Whatever You Love,Louise Doughty,2011-04-07,Paperback
When Stars are Scattered,Victoria Jamieson & Omar Mohamed,2020-07-02,Paperback
When the Lights Went Out,Andy Beckett,2010-01-28,Paperback
When We Were Orphans,Kazuo Ishiguro,2001-03-05,Paperback
When We Were Orphans,Kazuo Ishiguro,2005-03-03,Paperback
When we were Warriors,Emma Carroll,2019-02-07,Paperback
Where the Wild Mums Are,Katie Blackburn,2015-02-19,Hardback
While We Can't Hug,Eoin McLaughlin,2020-06-25,Paperback
White Castle,Orhan Pamuk,1991-10-07,Paperback
"Who am I, again?",Lenny Henry,2019-10-03,Hardback
Why Beethoven Threw the Stew,Steven Isserlis,2001-10-08,Paperback
Wise Blood,Flannery O'Connor,2008-02-28,Paperback
Wittgenstein'S Poker,David Edmonds,2002-04-08,Paperback
Wormwood,G P Taylor,2004-06-03,Paperback
Writing Home,Alan Bennett,1998-07-06,Paperback
Writing Home,Alan Bennett,2006-09-07,Paperback
Y,Marjorie Celona,2014-01-02,Paperback
Yeah Yeah Yeah,Bob Stanley,2013-09-13,Paperback
Yesterday's Houses,Mavis Cheek,2007-01-04,Paperback
You Made a Fool of Death With Your Beauty,Akwaeke Emezi,2022-05-26,Hardback
You Made a Fool of Death With Your Beauty,Akwaeke Emezi,2023-06-08,Paperback
You Should Have Known,Jean Hanff Korelitz,2015-01-01,Paperback
Zanzibar,Giles Foden,2003-07-03,Paperback
Zorba the Greek,Nikos Kazantzakis,2008-10-16,Paperback
