artist,title,release_date
Georges Méliès,A Trip to the Moon,1902-04-17
Edwin S. Porter,The Great Train Robbery,1903-12-07
D.W. Griffith,The Birth of a Nation,1915-02-08
Louis Feuillade,"The Vampires or, The Arch Criminals of Paris",1915-11-13
Cosimo Alemà,Intolerance,1996-11-11
Robert Wiene,The Cabinet of Dr. Caligari,1920-02-27
D.W. Griffith,Broken Blossoms,1919-05-13
Oscar Micheaux,Within Our Gates,1920-01-12
D.W. Griffith,Way Down East,1920-09-03
D.W. Griffith,Orphans of the Storm,1921-12-28
Victor Sjöström,The Phantom Carriage,1921-01-01
Germaine Dulac,The Smiling Madame Beudet,1923-11-09
Fritz Lang,"Dr. Mabuse, the Gambler",1922-04-27
Robert Flaherty,Nanook of the North,1922-06-11
Robert Eggers,Nosferatu,2024-12-24
Benjamin Christensen,Häxan,1922-09-18
Erich von Stroheim,Foolish Wives,1922-01-11
Buster Keaton,Our Hospitality,1923-11-19
Sarah Gavron,Rocks,2019-09-05
Luciano Berriatúa,The Making of 'The Last Laugh',2003-12-17
Sarah Kernochan,Strike!,1998-08-21
Buster Keaton,Sherlock Jr.,1924-04-17
Herbert G. Ponting,The Great White Silence,1924-05-01
Michael Winterbottom,Greed,2019-09-07
Michael Powell,The Thief of Bagdad,1940-12-25
Kevin Macdonald,The Eagle,2011-02-08
Joel Schumacher,The Phantom of the Opera,2004-12-08
Sergei Eisenstein,Battleship Potemkin,1925-12-24
Charlie Chaplin,The Gold Rush,1925-07-12
King Vidor,The Big Parade,1925-11-05
Buster Keaton,Seven Chances,1925-03-15
Lotte Reiniger,The Adventures of Prince Achmed,1926-09-03
Fritz Lang,Metropolis,1927-02-06
Andrew Baird,Sunrise,2024-01-19
Clyde Bruckman,The General,1926-12-25
Tod Browning,The Unknown,1927-05-29
Sergei Eisenstein,October (Ten Days that Shook the World),1928-01-20
Alan Crosland,The Jazz Singer,1929-01-01
Ridley Scott,Napoleon,2023-11-22
Claude Gagnon,The Kid Brother,1987-03-11
King Vidor,The Crowd,1928-03-03
Josef von Sternberg,The Docks of New York,1928-09-16
Carl Theodor Dreyer,The Passion of Joan of Arc,1928-04-21
Luis Buñuel,Un Chien Andalou,1929-06-05
Charles Reisner,"Steamboat Bill, Jr.",1928-05-09
Vsevolod Pudovkin,Storm Over Asia,1928-11-10
Franz Osten,A Throw of Dice,1929-08-16
Dziga Vertov,Man with a Movie Camera,1929-05-12
Rob Hardy,Pandora's Box,2002-08-09
Alfred Hitchcock,Blackmail,1929-07-28
Mervyn LeRoy,Little Caesar,1931-01-25
Josef von Sternberg,The Blue Angel,1930-04-01
Edward Berger,All Quiet on the Western Front,2022-10-07
Luis Buñuel,L'Âge d'or,1930-11-28
Alastair Fothergill,Earth,2007-10-10
René Clair,À Nous la Liberté,1931-12-18
Mário Peixoto,Limite,1931-05-17
Júlio Bressane,Tabu,1983-03-10
Charlie Chaplin,City Lights,1931-02-01
Tod Browning,Dracula,1931-02-12
James Whale,Frankenstein,1931-11-21
William A. Wellman,The Public Enemy,1931-04-23
Asif Akbar,MR-9: Do or Die,2023-08-25
René Clair,Le Million,1931-02-04
Jean Renoir,La Chienne,1931-11-20
Neil Jordan,Interview with the Vampire,1994-11-11
Mervyn LeRoy,I Am a Fugitive from a Chain Gang,1932-11-09
Jean Renoir,Boudu Saved from Drowning,1932-11-11
Rouben Mamoulian,Love Me Tonight,1932-08-18
Josef von Sternberg,Shanghai Express,1932-02-12
Ernst Lubitsch,Trouble in Paradise,1932-06-17
Brian De Palma,Scarface,1983-12-09
Tod Browning,Freaks,1932-01-01
Raoul Walsh,Me and My Gal,1932-12-04
Lloyd Bacon,42nd Street,1933-03-11
Lloyd Bacon,Footlight Parade,1933-10-21
Frank Capra,The Bitter Tea of General Yen,1933-01-06
Lowell Sherman,She Done Him Wrong,1933-02-09
Leo McCarey,Duck Soup,1933-11-12
Jean Vigo,Zero for Conduct,1933-04-07
Mervyn LeRoy,Gold Diggers of 1933,1933-05-27
Peter Jackson,King Kong,2005-12-12
Luis Buñuel,Land Without Bread,1933-12-01
William A. Seiter,Sons of the Desert,1933-12-29
Rouben Mamoulian,Queen Christina,1933-12-26
Leni Riefenstahl,Triumph of the Will,1935-03-28
Norman Z. McLeod,It's a Gift,1934-11-30
John Cromwell,The Goddess,1958-06-24
Frank Capra,It Happened One Night,1934-02-22
Jean Vigo,L'Atalante,1934-04-24
Edgar G. Ulmer,The Black Cat,1934-05-07
W.S. Van Dyke,The Thin Man,1934-05-25
John Ford,Judge Priest,1934-09-15
Lewis Milestone,Mutiny on the Bounty,1962-11-08
Alfred Hitchcock,The 39 Steps,1935-06-06
Sam Wood,A Night at the Opera,1935-11-15
James Whale,Bride of Frankenstein,1935-04-20
Michael Curtiz,Captain Blood,1935-12-26
Mark Sandrich,Top Hat,1935-08-29
Henry Hathaway,Peter Ibbetson,1935-11-07
Charlie Chaplin,Modern Times,1936-02-05
George Stevens,Swing Time,1936-08-28
Frank Capra,Mr. Deeds Goes to Town,1936-04-09
Gregory La Cava,My Man Godfrey,1936-09-02
Sacha Guitry,The Story of a Cheat,1936-10-02
George Cukor,Camille,1936-12-26
William Cameron Menzies,Things to Come,1936-03-31
William Wyler,Dodsworth,1936-09-23
Jean Renoir,A Day in the Country,1946-05-21
David Ayer,Sabotage,2014-03-28
Julien Duvivier,Pépé le Moko,1937-01-28
Leo McCarey,Make Way for Tomorrow,1937-05-09
Jean Renoir,Grand Illusion,1937-01-01
King Vidor,Stella Dallas,1937-08-06
Weibang Ma-Xu,Song at Midnight,1937-02-01
David Hand,Snow White and the Seven Dwarfs,1937-12-21
Victor Fleming,Captains Courageous,1937-06-25
Leo McCarey,The Awful Truth,1937-10-21
William Dieterle,The Life of Emile Zola,1937-09-09
William Wyler,Jezebel,1938-03-26
Michael Curtiz,The Adventures of Robin Hood,1938-05-13
Michael Curtiz,Angels with Dirty Faces,1938-11-26
Marcel Pagnol,The Baker's Wife,1938-09-07
Howard Hawks,Bringing Up Baby,1938-02-18
Leni Riefenstahl,Olympia: Part One – Festival of the Nations,1938-04-20
Leni Riefenstahl,Olympia: Part Two – Festival of Beauty,1938-04-20
Alfred Hitchcock,The Lady Vanishes,1938-10-07
William Wyler,Wuthering Heights,1939-04-07
Frank Capra,Mr. Smith Goes to Washington,1939-10-19
John Ford,Stagecoach,1939-03-03
Howard Hawks,Only Angels Have Wings,1939-05-15
George Marshall,Destry Rides Again,1939-11-30
Victor Fleming,Gone with the Wind,1939-12-15
Stephen Tolkin,Daybreak,1993-05-08
George Stevens,Gunga Din,1939-01-26
Ernst Lubitsch,Ninotchka,1939-11-23
Victor Fleming,The Wizard of Oz,1939-08-15
Jean Renoir,The Rules of the Game,1939-07-09
Kenji Mizoguchi,The Story of the Last Chrysanthemum,1939-10-13
Busby Berkeley,Babes in Arms,1939-10-10
Howard Hawks,His Girl Friday,1940-01-18
James Algar,Fantasia,1940-11-13
Alfred Hitchcock,Rebecca,1940-03-23
George Cukor,The Philadelphia Story,1940-12-05
John Ford,The Grapes of Wrath,1940-03-15
Frank Borzage,The Mortal Storm,1940-06-20
Edward F. Cline,The Bank Dick,1940-11-29
Hamilton Luske,Pinocchio,1940-02-23
Dorothy Arzner,"Dance, Girl, Dance",1940-08-30
Orson Welles,Citizen Kane,1941-04-17
Howard Hawks,Sergeant York,1941-09-27
Preston Sturges,The Lady Eve,1941-02-25
George Waggner,The Wolf Man,1941-12-12
Raoul Walsh,High Sierra,1941-01-23
John Ford,How Green Was My Valley,1941-10-28
Preston Sturges,Sullivan's Travels,1941-11-30
John Huston,The Maltese Falcon,1941-10-18
Ben Sharpsteen,Dumbo,1941-10-31
Preston Sturges,The Palm Beach Story,1942-08-28
Irving Rapper,"Now, Voyager",1942-10-22
Ernst Lubitsch,To Be or Not to Be,1942-03-05
Orson Welles,The Magnificent Ambersons,1942-07-10
Michael Curtiz,Yankee Doodle Dandy,1942-05-29
William Wyler,Mrs. Miniver,1942-07-03
Michael Curtiz,Casablanca,1943-01-15
Paul Schrader,Cat People,1982-04-02
Humphrey Jennings,Fires Were Started,1943-04-12
William A. Wellman,The Ox-Bow Incident,1943-03-11
Michael Powell,The Life and Death of Colonel Blimp,1943-07-26
Maya Deren,Meshes of the Afternoon,1943-01-01
Mark Robson,The Seventh Victim,1943-08-21
Leslie Arliss,The Man in Grey,1943-08-06
Alfred Hitchcock,Shadow of a Doubt,1943-01-15
Luchino Visconti,Ossessione,1944-04-08
Jacques Tourneur,I Walked with a Zombie,1943-04-21
Otto Preminger,Laura,1944-10-11
Vincente Minnelli,Meet Me in St. Louis,1944-11-28
Howard Hawks,To Have and Have Not,1945-01-20
George Cukor,Gaslight,1944-05-04
Kenneth Branagh,Henry V,1989-10-05
Billy Wilder,Double Indemnity,1944-07-06
Edward Dmytryk,"Murder, My Sweet",1944-12-14
Michael Curtiz,Mildred Pierce,1945-10-20
Edgar G. Ulmer,Detour,1945-11-30
Michael Powell,I Know Where I'm Going!,1945-11-16
Billy Wilder,The Lost Weekend,1945-11-29
John Huston,San Pietro,1945-05-03
David Lean,Brief Encounter,1945-11-24
Roberto Rossellini,"Rome, Open City",1945-10-08
Alfred Hitchcock,Spellbound,1945-11-08
William Wyler,The Best Years of Our Lives,1946-12-25
Roberto Rossellini,Paisan,1946-12-10
Tay Garnett,The Postman Always Rings Twice,1946-05-02
Andrew Knight,Beauty and the Beast: The Enchanted Christmas,1997-11-11
Robert Siodmak,The Killers,1946-08-30
Frank Capra,It's a Wonderful Life,1946-12-20
Howard Hawks,The Big Sleep,1946-08-23
Charles Vidor,Gilda,1946-04-25
Michael Powell,A Matter of Life and Death,1946-12-15
Mike Newell,Great Expectations,2012-11-30
John Ford,My Darling Clementine,1946-10-17
Alfred Hitchcock,Notorious,1946-08-21
Emeric Pressburger,Black Narcissus,1947-05-26
Thomas M. Wright,The Stranger,2022-10-06
Jacques Tourneur,Out of the Past,1947-11-25
Charlie Chaplin,Monsieur Verdoux,1947-09-26
Carol Reed,Odd Man Out,1947-01-30
Joseph L. Mankiewicz,The Ghost and Mrs. Muir,1947-05-25
Vittorio De Sica,Bicycle Thieves,1948-07-21
Max Ophüls,Letter from an Unknown Woman,1948-04-28
Fritz Lang,Secret Beyond the Door...,1947-12-24
Abraham Polonsky,Force of Evil,1950-08-24
Mu Fei,Spring in a Small Town,1948-02-01
Howard Hawks,Red River,1948-08-26
Buster Keaton,The Paleface,1922-01-01
Anatole Litvak,The Snake Pit,1948-11-04
Orson Welles,The Lady from Shanghai,1947-12-24
Alfred Hitchcock,Rope,1948-03-11
Emeric Pressburger,The Red Shoes,1948-09-06
John Huston,The Treasure of the Sierra Madre,1948-01-15
Robert Flaherty,Louisiana Story,1948-09-28
Joseph H. Lewis,Gun Crazy,1950-01-20
Max Ophüls,The Reckless Moment,1949-12-09
Raoul Walsh,White Heat,1949-09-02
George Cukor,Adam's Rib,1949-11-18
William Wyler,The Heiress,1949-10-06
Carol Reed,The Third Man,1949-08-31
Robert Hamer,Kind Hearts and Coronets,1949-06-21
Gene Kelly,On the Town,1949-12-08
Bruce Beresford,Orpheus,2006-01-01
John Huston,The Asphalt Jungle,1950-05-12
Akira Kurosawa,Rashomon,1950-08-26
Joseph L. Mankiewicz,All About Eve,1950-11-09
Anthony Mann,Winchester '73,1950-07-12
John Ford,Rio Grande,1950-11-15
Matthew Miller,Ed Ruscha - Motorized Photographs of Sunset Blvd. and Other L.A. Streets,2019-12-19
Luis Buñuel,The Young and the Damned,1950-12-09
Nicholas Ray,In a Lonely Place,1950-05-17
Billy Wilder,Ace in the Hole,1951-06-29
Alfred Hitchcock,Strangers on a Train,1951-06-27
Elia Kazan,A Streetcar Named Desire,1951-09-19
Vincente Minnelli,An American in Paris,1951-09-26
Albert Lewin,Pandora and the Flying Dutchman,1951-04-13
John Huston,The African Queen,1952-01-07
George Stevens,A Place in the Sun,1951-06-12
Charles Crichton,The Lavender Hill Mob,1951-06-28
Robert Bresson,Diary of a Country Priest,1951-02-07
Scott Derrickson,The Day the Earth Stood Still,2008-12-10
John Ford,The Quiet Man,1952-07-21
René Clément,Forbidden Games,1952-05-09
Roberto Rossellini,Europe '51,1952-12-04
Stanley Donen,Singin' in the Rain,1952-04-09
Vincente Minnelli,The Bad and the Beautiful,1952-12-25
Akira Kurosawa,Ikiru,1952-10-09
Vittorio De Sica,Umberto D.,1952-01-20
Fred Zinnemann,High Noon,1952-06-09
Jean Renoir,The Golden Coach,1952-12-05
Otto Preminger,Angel Face,1953-01-02
Howard Hawks,The Big Sky,1952-08-19
Ingmar Bergman,Summer with Monika,1953-02-09
Samuel Fuller,Pickup on South Street,1953-05-27
Vincente Minnelli,The Band Wagon,1953-08-07
Jacques Tati,Monsieur Hulot's Holiday,1953-02-25
Max Ophüls,The Earrings of Madame de...,1953-09-16
Julien Leclercq,The Wages of Fear,2024-03-28
Ida Lupino,The Bigamist,1953-12-03
Anthony Mann,The Naked Spur,1953-01-30
Yasujirō Ozu,Tokyo Story,1953-11-03
Fred Zinnemann,From Here to Eternity,1953-08-28
Kenji Mizoguchi,Ugetsu,1953-03-26
Roberto Rossellini,Journey to Italy,1954-09-07
George Stevens,Shane,1953-04-23
Howard Hawks,Gentlemen Prefer Blondes,1953-07-14
William Wyler,Roman Holiday,1953-08-26
Fritz Lang,The Big Heat,1953-10-14
John Huston,Beat the Devil,1953-11-26
Elia Kazan,On the Waterfront,1954-06-22
George Miller,Mad Max 2,1981-12-24
Jeremiah S. Chechik,Diabolique,1996-03-22
Bradley Cooper,A Star Is Born,2018-10-03
Alfred Hitchcock,Rear Window,1954-08-01
Luchino Visconti,Senso,1954-12-30
Allan Dwan,Silver Lode,1954-07-23
Joseph L. Mankiewicz,The Barefoot Contessa,1954-09-29
Akira Kurosawa,Seven Samurai,1954-04-26
Otto Preminger,Carmen Jones,1954-10-28
Nicholas Ray,Johnny Guitar,1954-05-26
Herbert J. Biberman,Salt of the Earth,1954-03-14
Stanley Donen,Seven Brides for Seven Brothers,1954-07-22
Joy Batchelor,Animal Farm,1954-12-28
Max Ophüls,Lola Montès,1955-12-23
Justin Smith,Manik da: The Mystique of Pather Panchali,2021-03-09
Carl Theodor Dreyer,Ordet,1955-01-09
Delbert Mann,Marty,1955-04-11
Frank Tashlin,Artists and Models,1955-11-07
Nicholas Ray,Rebel Without a Cause,1955-10-27
Jean Rouch,The Mad Masters,1955-08-24
Thorold Dickinson,Hill 24 Doesn't Answer,1955-11-01
John Sturges,Bad Day at Black Rock,1955-01-13
Alain Resnais,Night and Fog,1956-04-29
Phil Karlson,The Phenix City Story,1955-07-19
Otto Preminger,The Man with the Golden Arm,1955-12-26
Robert Aldrich,Kiss Me Deadly,1955-04-28
Joseph L. Mankiewicz,Guys and Dolls,1955-12-23
Charles Laughton,The Night of the Hunter,1955-08-26
Ethan Coen,The Ladykillers,2004-03-25
Fred Zinnemann,Oklahoma!,1955-10-10
Ingmar Bergman,Smiles of a Summer Night,1955-12-26
Jean-Pierre Melville,Bob le Flambeur,1956-08-24
Douglas Sirk,All That Heaven Allows,1955-12-25
Anthony Mann,The Man from Laramie,1955-08-19
Cecil B. DeMille,The Ten Commandments,1956-10-05
John Ford,The Searchers,1956-05-16
Kon Ichikawa,The Burmese Harp,1956-01-21
Fred M. Wilcox,Forbidden Planet,1956-03-23
Douglas Sirk,Written on the Wind,1956-10-04
Robert Bresson,A Man Escaped,1956-11-11
Nicholas Ray,Bigger Than Life,1956-11-20
Philip Kaufman,Invasion of the Body Snatchers,1978-12-20
George Stevens,Giant,1956-11-08
Fran Robertson,The Wrong Man: 17 Years Behind Bars,2024-06-06
Anika Decker,High Society,2017-09-14
Alfred Hitchcock,The Man Who Knew Too Much,1956-05-16
Akira Kurosawa,Throne of Blood,1957-01-15
Stanley Kubrick,Paths of Glory,1957-10-25
Leo McCarey,An Affair to Remember,1957-07-11
Ingmar Bergman,The Seventh Seal,1957-02-16
Sidney Lumet,12 Angry Men,1957-04-10
Ingmar Bergman,Wild Strawberries,1957-12-26
Jack Arnold,The Incredible Shrinking Man,1957-02-22
John Sturges,Gunfight at the O.K. Corral,1957-05-30
Federico Fellini,Nights of Cabiria,1957-10-03
Mikhail Kalatozov,The Cranes Are Flying,1957-10-12
Satyajit Ray,Aparajito,1956-10-11
David Lean,The Bridge on the River Kwai,1957-10-11
Alexander Mackendrick,Sweet Smell of Success,1957-07-04
Mehboob Khan,Mother India,1957-02-13
Orson Welles,Touch of Evil,1958-03-30
Vincente Minnelli,Gigi,1958-05-15
Stanley Kramer,The Defiant Ones,1958-08-14
Anthony Mann,Man of the West,1958-06-20
Alfred Hitchcock,Vertigo,1958-05-28
Andrzej Wajda,Ashes and Diamonds,1958-10-03
Youssef Chahine,Cairo Station,1958-07-31
Satyajit Ray,The Music Room,1958-10-10
Jacques Tati,Mon Oncle,1958-05-10
Vincente Minnelli,Some Came Running,1958-12-25
Tod Browning,Dracula,1931-02-12
Billy Wilder,Some Like It Hot,1959-03-19
Alfred Hitchcock,North by Northwest,1959-07-08
François Truffaut,The 400 Blows,1959-06-03
Robert Bresson,Pickpocket,1959-12-16
Alain Resnais,Hiroshima Mon Amour,1959-06-10
Budd Boetticher,Ride Lonesome,1959-02-01
Marcel Camus,Black Orpheus,1959-06-12
William Wyler,Ben-Hur,1959-11-18
Otto Preminger,Anatomy of a Murder,1959-01-07
John Cassavetes,Shadows,1960-10-14
Satyajit Ray,The World of Apu,1959-05-01
Howard Hawks,Rio Bravo,1959-03-18
Yasujirō Ozu,Floating Weeds,1959-11-17
Georges Franju,Eyes Without a Face,1960-01-11
Karel Reisz,Saturday Night and Sunday Morning,1960-10-27
Federico Fellini,La Dolce Vita,1960-02-05
Jacques Becker,Le Trou,1960-03-18
Luchino Visconti,Rocco and His Brothers,1960-10-07
Katie McWane,Dora the Explorer: Dora's Christmas Carol Adventure,2009-06-01
Jim McBride,Breathless,1983-05-13
Stanley Kubrick,Spartacus,1960-10-13
Billy Wilder,The Apartment,1960-06-21
Roman Perez Jr.,The Housemaid,2021-09-10
Ritwik Ghatak,The Cloud-Capped Star,1960-04-13
Alfred Hitchcock,Psycho,1960-06-22
François Truffaut,Shoot the Piano Player,1960-11-25
Ivan Lai Kai-Ming,The Peeping Tom,1997-03-21
John Frankenheimer,Black Sunday,1977-04-01
Luis Buñuel,The Young One,1960-09-05
Elia Kazan,Splendor in the Grass,1961-10-10
Luis Buñuel,Viridiana,1962-04-01
Chris Marker,La Jetée,1962-02-16
Blake Edwards,Breakfast at Tiffany's,1961-10-06
Andrew Legge,LOLA,2023-04-07
Kent MacKenzie,The Exiles,1961-07-13
Renato De Maria,Vanished into the Night,2024-07-10
Steven Spielberg,West Side Story,2021-12-08
Robert Rossen,The Hustler,1961-09-25
Reginald Hudlin,The Ladies Man,2000-10-13
Ingmar Bergman,Behind the Scenes of Såsom i en spegel (Through a Glass Darkly),2018-09-12
Jean Rouch,Chronicle of a Summer,1961-10-20
Alain Resnais,Last Year at Marienbad,1961-05-25
Marlon Brando,One-Eyed Jacks,1961-03-30
Agnès Varda,Cléo from 5 to 7,1962-04-11
Stan Brakhage,Dog Star Man,1965-02-22
Jean-Luc Godard,Vivre Sa Vie,1962-09-20
Yasujirō Ozu,An Autumn Afternoon,1962-11-18
Adrian Lyne,Lolita,1997-09-27
John Ford,The Man Who Shot Liberty Valance,1962-04-13
Harry Smith,Heaven and Earth Magic,1962-01-01
David Lean,Lawrence of Arabia,1962-12-11
Robert Mulligan,To Kill a Mockingbird,1962-12-20
Anselmo Duarte,The Given Word,1962-04-17
Paolo Cavara,Mondo Cane,1962-03-30
Luis Buñuel,The Exterminating Angel,1962-05-16
François Truffaut,Jules and Jim,1962-01-23
Jonathan Demme,The Manchurian Candidate,2004-07-30
Robert Aldrich,What Ever Happened to Baby Jane?,1962-10-31
Shunji Iwai,The 12 Day Tale of the Monster that Died in 8,2020-07-31
Alfred Hitchcock,The Birds,1963-03-28
Carter Smith,The Passenger,2024-07-11
Joseph Losey,The Servant,1963-11-14
Jack Smith,Flaming Creatures,1963-04-29
Forugh Farrokhzad,The House Is Black,1963-02-18
Martin Ritt,Hud,1963-05-28
Luchino Visconti,The Leopard,1963-03-27
Nelson Pereira dos Santos,Barren Lives,1963-08-22
Samuel Fuller,Shock Corridor,1963-09-25
Cole Daniel Hills,Contempt,2019-02-24
Ken Jacobs,Blonde Cobra,1963-04-08
Shirley Clarke,The Cool World,1963-09-02
Tom Shadyac,The Nutty Professor,1996-06-28
John Sturges,The Great Escape,1963-07-03
Jean-Daniel Pollet,Méditerranée,1963-04-23
Kon Ichikawa,An Actor's Revenge,1963-01-13
Jan de Bont,The Haunting,1999-07-23
Ingmar Bergman,Winter Light,1963-02-11
Guy Hamilton,Goldfinger,1964-09-20
George Cukor,My Fair Lady,1964-10-21
Michelangelo Antonioni,Red Desert,1964-09-04
Hiroshi Teshigahara,Woman in the Dunes,1964-02-15
Sergei Parajanov,Shadows of Forgotten Ancestors,1965-10-18
Kenneth Anger,Scorpio Rising,1969-10-10
Alfred Hitchcock,Marnie,1964-07-17
Roger Corman,The Masque of the Red Death,1964-06-24
Bernardo Bertolucci,Before the Revolution,1964-05-13
Stanley Kubrick,Dr. Strangelove or: How I Learned to Stop Worrying and Love the Bomb,1964-01-29
Glauber Rocha,"Black God, White Devil",1964-03-13
Richard Lester,A Hard Day's Night,1964-07-07
Marie Genin,Once Upon a Time... The Umbrellas of Cherbourg,2008-05-18
Carl Theodor Dreyer,Gertrud,1964-12-19
Robert Stevenson,Mary Poppins,1964-12-17
Kaneto Shindō,Onibaba,1964-11-21
Elmar Klos,The Shop on Main Street,1965-09-09
David Lean,Doctor Zhivago,1965-12-22
Peter Watkins,The War Game,1966-04-13
Gillo Pontecorvo,The Battle of Algiers,1966-09-08
Robert Wise,The Sound of Music,1965-03-29
André Delvaux,The Man Who Had His Hair Cut Short,1966-09-05
Jean-Luc Godard,Alphaville,1965-05-05
Orson Welles,Chimes at Midnight,1965-12-22
Russ Meyer,"Faster, Pussycat! Kill! Kill!",1965-08-06
Andy Warhol,Vinyl,1965-06-04
Wojciech Jerzy Has,The Saragossa Manuscript,1965-02-09
Roman Polanski,Repulsion,1965-06-01
Jean-Luc Godard,Pierrot le Fou,1965-11-05
George Kuchar,Hold Me While I'm Naked,1966-04-23
Mike Nichols,Who's Afraid of Virginia Woolf?,1966-06-22
Michelangelo Antonioni,Blow-Up,1966-12-18
King Hu,Come Drink with Me,1966-04-07
John Frankenheimer,Seconds,1966-10-05
Sergio Leone,"The Good, the Bad and the Ugly",1966-12-22
Ingmar Bergman,Persona,1966-10-18
Robert Bresson,Au Hasard Balthazar,1966-05-25
Bruce Conner,Report,1967-01-01
Jean-Luc Godard,2 or 3 Things I Know About Her,1967-03-17
Luis Buñuel,Belle de Jour,1967-05-24
Stuart Rosenberg,Cool Hand Luke,1967-11-01
Jacques Tati,PlayTime,1967-12-16
Miklós Jancsó,The Red and the White,1967-11-03
Mike Nichols,The Graduate,1967-12-21
Joe Lynch,Point Blank,2019-07-12
Jacques Demy,The Young Girls of Rochefort,1967-03-08
Andrew Haigh,Weekend,2011-10-23
Jean-Pierre Melville,Le Samouraï,1967-10-25
Mike Gray,Wavelength,1983-09-16
Jiří Menzel,Closely Watched Trains,1966-11-18
Glauber Rocha,Entranced Earth,1967-05-02
Norman Jewison,In the Heat of the Night,1967-08-02
František Vláčil,Marketa Lazarová,1967-11-24
Jon Favreau,The Jungle Book,2016-04-07
Arthur Penn,Bonnie and Clyde,1967-08-14
Georgi Kropachyov,Viy,1967-11-27
Martin Ritt,Hombre,1967-03-21
Sergio Leone,Once Upon a Time in the West,1968-12-21
John Cassavetes,Faces,1968-11-24
Wes Ball,Kingdom of the Planet of the Apes,2024-05-08
Roman Polanski,Rosemary's Baby,1968-06-12
John Krasinski,IF,2024-05-08
Jim McBride,David Holzman's Diary,2011-07-20
Tomás Gutiérrez Alea,Memories of Underdevelopment,1968-08-19
John Stalberg Jr.,High School,2010-06-03
Ingmar Bergman,Hour of the Wolf,1968-02-19
Stanley Kubrick,2001: A Space Odyssey,1968-04-02
George A. Romero,Night of the Living Dead,1968-10-04
Peter Bogdanovich,Targets,1968-08-15
Steve McQueen,Shame,2011-10-02
Mel Brooks,The Producers,1968-03-18
Brandon Christensen,Z,2019-09-19
Federico Fellini,Fellini Satyricon,1969-09-18
Andrei Tarkovsky,Andrei Rublev,1966-12-16
John Schlesinger,Midnight Cowboy,1969-05-25
George Roy Hill,Butch Cassidy and the Sundance Kid,1969-09-23
Dennis Hopper,Easy Rider,1969-06-26
Ken Loach,Kes,1970-04-03
Julio Medem,Sex and Lucía,2001-08-24
Emile de Antonio,In the Year of the Pig,1969-02-26
Sam Peckinpah,The Wild Bunch,1969-06-19
Éric Rohmer,My Night at Maud's,1969-06-04
Luis Buñuel,Tristana,1970-03-29
Bernardo Bertolucci,The Conformist,1970-07-01
Neil Jordan,The Butcher Boy,1998-02-20
Alejandro Jodorowsky,El Topo,1970-12-18
Bob Rafelson,Five Easy Pieces,1970-09-12
Jerzy Skolimowski,Deep End,1970-09-01
Bernardo Bertolucci,The Spider's Stratagem,1970-09-17
Robert Schwentke,Seneca: On the Creation of Earthquakes,2023-02-20
Arthur Penn,Little Big Man,1970-12-23
Franklin J. Schaffner,Patton,1970-01-25
Dario Argento,The Bird with the Crystal Plumage,1970-02-27
Robert Altman,M*A*S*H,1970-02-18
Michelangelo Antonioni,Zabriskie Point,1970-03-26
Nicolas Roeg,Performance,1970-08-03
Michael Wadleigh,Woodstock,1970-03-26
Albert Maysles,Gimme Shelter,1970-12-13
Vittorio De Sica,The Garden of the Finzi-Continis,1970-12-04
Don Siegel,Dirty Harry,1971-12-23
Stanley Kubrick,A Clockwork Orange,1971-12-19
Robert Altman,McCabe & Mrs. Miller,1971-06-24
Marcel Ophüls,The Sorrow and the Pity,1971-04-14
Spike Brandt,Tom and Jerry: Willy Wonka and the Chocolate Factory,2017-06-28
Ken Russell,The Devils,1971-07-16
Peter Fonda,The Hired Hand,1971-08-11
Dušan Makavejev,WR: Mysteries of the Organism,1971-05-10
Nicolas Roeg,Walkabout,1971-07-01
Alan J. Pakula,Klute,1971-06-23
Hal Ashby,Harold and Maude,1971-12-20
William Friedkin,The French Connection,1971-10-09
Miklós Jancsó,Red Psalm,1972-03-09
Stephen T. Kay,Get Carter,2000-10-06
John Singleton,Shaft,2000-06-15
Melvin Van Peebles,Sweet Sweetback's Baadasssss Song,1971-03-31
Peter Bogdanovich,The Last Picture Show,1971-10-03
Barbara Loden,Wanda,1970-09-01
Louis Malle,Murmur of the Heart,1971-04-27
Sam Peckinpah,Straw Dogs,1971-11-25
Monte Hellman,Two-Lane Blacktop,1971-07-07
Ted Kotcheff,Wake in Fright,1971-07-21
John Boorman,Deliverance,1972-08-18
Werner Herzog,"Aguirre, the Wrath of God",1972-12-29
Bob Fosse,Cabaret,1972-02-13
Steven Soderbergh,Solaris,2002-11-27
Luis Buñuel,The Discreet Charm of the Bourgeoisie,1972-09-15
Francis Ford Coppola,The Godfather,1972-03-14
Bernardo Bertolucci,Last Tango in Paris,1972-12-15
Rainer Werner Fassbinder,The Bitter Tears of Petra von Kant,1972-10-05
John Huston,Fat City,1972-07-26
Bobby Farrelly,The Heartbreak Kid,2007-10-05
Jose Montesinos,Frenzy,2018-08-15
John Waters,Pink Flamingos,1972-03-17
Joseph L. Mankiewicz,Sleuth,1972-12-10
Director X.,SuperFly,2018-06-13
George Roy Hill,The Sting,1973-12-25
Jean Eustache,The Mother and the Whore,1973-05-01
Clint Eastwood,High Plains Drifter,1973-04-19
Terrence Malick,Badlands,1974-01-05
George Lucas,American Graffiti,1973-08-11
Michael Noer,Papillon,2017-09-07
Robert Altman,The Long Goodbye,1973-03-08
Robin Hardy,The Wicker Man,1973-12-06
Robert Clouse,Enter the Dragon,1973-08-17
Sidney Lumet,Serpico,1973-12-18
Nicolas Roeg,Don't Look Now,1973-01-18
François Truffaut,Day for Night,1973-05-24
Martin Scorsese,Mean Streets,1973-10-14
Woody Allen,Sleeper,1973-12-17
William Friedkin,The Exorcist,1973-12-26
Orson Welles,F for Fake,1973-09-01
Sam Peckinpah,Pat Garrett & Billy the Kid,1973-05-23
Paul Verhoeven,Turkish Delight,1973-02-22
Víctor Erice,The Spirit of the Beehive,1973-10-08
Perry Henzell,The Harder They Come,1972-09-01
René Laloux,Fantastic Planet,1973-12-01
Federico Fellini,Amarcord,1973-12-18
John Guillermin,The Towering Inferno,1974-12-14
Sam Peckinpah,Bring Me the Head of Alfredo Garcia,1974-08-01
Akira Kurosawa,Dersu Uzala,1975-08-02
Francis Ford Coppola,The Godfather Part II,1974-12-20
Francis Ford Coppola,The Conversation,1974-04-07
Keith LaFountaine,Mirror,2017-07-15
Roman Polanski,Chinatown,1974-06-20
John Cassavetes,A Woman Under the Influence,1974-11-18
Mel Brooks,Young Frankenstein,1974-12-15
Tobe Hooper,The Texas Chain Saw Massacre,1974-10-11
Mel Brooks,Blazing Saddles,1974-02-07
Jacques Rivette,Céline and Julie Go Boating,1974-09-18
Rainer Werner Fassbinder,Ali: Fear Eats the Soul,1974-03-05
Stanley Kubrick,Barry Lyndon,1975-12-18
Jim Sharman,The Rocky Horror Picture Show,1975-08-14
Chantal Akerman,"Jeanne Dielman, 23, quai du Commerce, 1080 Bruxelles",1976-01-21
Theo Angelopoulos,The Travelling Players,1975-07-01
Terry Jones,Monty Python and the Holy Grail,1975-03-14
Sidney Lumet,Dog Day Afternoon,1975-09-21
Miloš Forman,One Flew Over the Cuckoo's Nest,1975-11-19
Lino Brocka,Manila in the Claws of Light,1975-07-16
Rainer Werner Fassbinder,Fox and His Friends,1975-06-06
Robert Altman,Nashville,1975-06-11
Carlos Saura,Cria!,1976-06-03
Peter Weir,Picnic at Hanging Rock,1975-09-02
Marguerite Duras,India Song,1975-06-04
Steven Spielberg,Jaws,1975-06-20
Nicolas Roeg,The Man Who Fell to Earth,1976-03-18
Alan J. Pakula,All the President's Men,1976-04-09
Clint Eastwood,The Outlaw Josey Wales,1976-06-30
John Cassavetes,The Killing of a Chinese Bookie,1976-02-15
Sidney Lumet,Network,1976-11-14
Brian De Palma,Carrie,1976-11-03
Martin Scorsese,Taxi Driver,1976-02-09
John G. Avildsen,Rocky,1976-11-20
Nagisa Ōshima,In the Realm of the Senses,1976-09-15
Marc-André Casavant,19:00,2020-12-15
Tom Paton,The Ascent,2019-10-17
Steven Spielberg,Close Encounters of the Third Kind,1977-12-14
Peter Weir,The Last Wave,1977-12-15
George Lucas,Star Wars,1977-05-25
Werner Herzog,Stroszek,1977-01-12
Delmar Washington,Outsiders,2022-03-11
Wim Wenders,The American Friend,1977-06-24
Woody Allen,Annie Hall,1977-04-19
Luca Guadagnino,Suspiria,2018-10-26
Adam Cooper,Sleeping Dogs,2024-03-21
Jon Jost,Last Chants for a Slow Dance,1977-08-31
Andrzej Wajda,Man of Marble,1977-02-25
John Badham,Saturday Night Fever,1977-12-16
Charles Burnett,Killer of Sheep,1978-11-14
David Lynch,Eraserhead,1978-02-03
Paul Verhoeven,Soldier of Orange,1977-09-22
Alexandre Aja,The Hills Have Eyes,2006-03-10
Terrence Malick,Days of Heaven,1978-09-13
David Gordon Green,Halloween,2018-10-18
Ermanno Olmi,The Tree of Wooden Clogs,1978-08-28
Fred Schepisi,The Chant of Jimmie Blacksmith,1978-06-21
Michael Cimino,The Deer Hunter,1978-12-08
Zack Snyder,Dawn of the Dead,2004-03-19
Lou Adler,Up in Smoke,1978-05-16
Randal Kleiser,Grease,1978-07-07
Lau Kar-leung,The 36th Chamber of Shaolin,1978-02-02
Chang Cheh,The Five Venoms,1978-08-12
Gillian Armstrong,My Brilliant Career,1979-08-17
Rainer Werner Fassbinder,The Marriage of Maria Braun,1979-03-23
Werner Herzog,Nosferatu the Vampyre,1979-01-17
Tyler Savage,Stalker,2020-08-31
Terry Jones,Life of Brian,1979-08-17
Dany Boon,Life For Real,2023-04-19
Peter Yates,Breaking Away,1979-05-24
Ridley Scott,Alien,1979-05-25
Hal Ashby,Being There,1979-12-19
Woody Allen,Manhattan,1979-04-25
Francis Ford Coppola,Apocalypse Now,1979-08-15
Bob Fosse,All That Jazz,1979-12-16
James Frawley,The Muppet Movie,1979-06-22
Francesco Rosi,Christ Stopped at Eboli,1979-02-23
George Miller,Furiosa: A Mad Max Saga,2024-05-22
Volker Schlöndorff,The Tin Drum,1979-05-02
Carl Reiner,The Jerk,1979-12-14
Robert Benton,Kramer vs. Kramer,1979-12-07
Robert Redford,Ordinary People,1980-09-19
Irvin Kershner,The Empire Strikes Back,1980-05-20
Louis Malle,Atlantic City,1980-09-03
François Truffaut,The Last Metro,1980-09-17
Stanley Kubrick,The Shining,1980-05-23
David Lynch,The Elephant Man,1980-10-09
Samuel Fuller,The Big Red One,1980-01-22
Maurice Pialat,Loulou,1980-09-03
Martin Scorsese,Raging Bull,1980-11-14
Jim Abrahams,Airplane!,1980-07-02
John Landis,An American Werewolf in London,1981-08-21
Jean-Jacques Beineix,Diva,1981-03-11
Steven Spielberg,Raiders of the Lost Ark,1981-06-12
Wolfgang Petersen,Das Boot,1981-09-17
Peter Weir,Gallipoli,1981-08-13
Hugh Hudson,Chariots of Fire,1981-05-15
Lawrence Kasdan,Body Heat,1981-08-28
Hiroshi Hamasaki,Iron Man: Rise of Technovore,2013-04-24
Warren Beatty,Reds,1981-12-25
Francesco Rosi,Three Brothers,1981-03-19
Steven Spielberg,E.T. the Extra-Terrestrial,1982-06-11
Sam Raimi,The Evil Dead,1981-09-10
Amy Heckerling,Fast Times at Ridgemont High,1982-08-13
Jean-Marie Straub,Too Early / Too Late,1982-02-17
Gil Kenan,Poltergeist,2015-05-20
John Hillcoat,The Road,2009-11-25
Ridley Scott,Blade Runner,1982-06-25
Barry Levinson,Diner,1982-04-02
Sydney Pollack,Tootsie,1982-12-17
Werner Herzog,Fitzcarraldo,1982-03-02
Richard Attenborough,Gandhi,1982-12-01
John Carpenter,The Thing,1982-06-25
Ingmar Bergman,Fanny and Alexander,1982-12-17
Vittorio Taviani,The Night of the Shooting Stars,1982-09-16
Marleen Gorris,A Question of Silence,1982-02-18
Peter Greenaway,The Draughtsman's Contract,1982-11-12
Bob Clark,A Christmas Story,1983-11-18
Im Sang-soo,The Taste of Money,2012-05-17
Philip Kaufman,The Right Stuff,1983-10-20
Lawrence Kasdan,The Big Chill,1983-09-30
Chris Marker,Sans Soleil,1983-01-01
Richard Marquand,Return of the Jedi,1983-05-25
Shōhei Imamura,The Ballad of Narayama,1983-04-29
James L. Brooks,Terms of Endearment,1983-11-20
Gregory Nava,El Norte,1983-10-11
Paul Verhoeven,The 4th Man,1983-03-23
David Cronenberg,Videodrome,1983-02-04
Godfrey Reggio,Koyaanisqatsi,1983-04-27
Brian De Palma,Scarface,1983-12-09
Martin Scorsese,The King of Comedy,1982-12-18
Bill Forsyth,Local Hero,1983-02-17
Sergio Leone,Once Upon a Time in America,1984-05-23
Luc Besson,The Last Battle,1983-04-06
James Cameron,The Terminator,1984-10-26
Barry Levinson,The Natural,1984-05-11
Paul Feig,Ghostbusters,2016-07-14
Wim Wenders,"Paris, Texas",1984-07-16
Wes Craven,A Nightmare on Elm Street,1984-10-31
Rob Reiner,This Is Spinal Tap,1984-03-02
David Lean,A Passage to India,1984-12-14
Mark Molloy,Beverly Hills Cop: Axel F,2024-06-20
Roland Joffé,The Killing Fields,1984-11-23
Jim Jarmusch,Stranger Than Paradise,1983-01-31
Miloš Forman,Amadeus,1984-09-19
Geoff Murphy,Utu,1984-06-27
John Huston,Prizzi's Honor,1985-06-14
Hou Hsiao-hsien,The Time to Live and the Time to Die,1985-08-03
John Hughes,The Breakfast Club,1985-02-15
Elem Klimov,Come and See,1985-10-17
Paul Schrader,Mishima: A Life in Four Chapters,1985-09-20
Sydney Pollack,Out of Africa,1985-12-20
Lital Yosefi,Ran,2018-06-06
Robert Zemeckis,Back to the Future,1985-07-03
Terry Gilliam,Brazil,1985-02-20
Héctor Babenco,Kiss of the Spider Woman,1985-07-26
Geoff Murphy,The Quiet Earth,1985-09-08
Woody Allen,The Purple Rose of Cairo,1985-03-01
Agnès Varda,"Vagabond: Remembrances, Interviews, Notes and Comments",2003-01-01
Claude Lanzmann,Shoah,1985-04-21
Blitz Bazawule,The Color Purple,2023-12-25
James Ivory,A Room with a View,1986-03-07
Luis Puenzo,The Official Story,1985-04-03
Michael Mann,Manhunter,1986-08-14
David Lynch,Blue Velvet,1986-09-19
Woody Allen,Hannah and Her Sisters,1986-02-07
Spike Lee,She's Gotta Have It,1986-08-08
Randa Haines,Children of a Lesser God,1986-09-13
Derek Jarman,Caravaggio,1986-08-29
Oliver Stone,Salvador,1986-04-23
Oliver Stone,Platoon,1986-12-19
Jim Jarmusch,Down by Law,1986-09-20
Denys Arcand,The Decline of the American Empire,1986-06-19
Tsui Hark,Peking Opera Blues,1986-09-06
James Cameron,Aliens,1986-07-18
John Hughes,Ferris Bueller's Day Off,1986-06-11
David Cronenberg,The Fly,1986-08-15
Glenn Miller,Top Gunner: Danger Zone,2022-05-20
Ross McElwee,Sherman's March,1985-11-13
Rob Reiner,Stand by Me,1986-08-08
Jūzō Itami,Tampopo,1985-11-23
Tian Zhuangzhuang,The Horse Thief,1986-01-01
Louis Malle,Au Revoir les Enfants,1987-10-07
Joel Coen,Raising Arizona,1987-03-13
Wim Wenders,Wings of Desire,1987-09-23
Bruce Robinson,Withnail & I,1987-06-19
Rob Reiner,The Princess Bride,1987-09-25
Stanley Kubrick,Full Metal Jacket,1987-06-26
James L. Brooks,Broadcast News,1987-12-16
Barry Levinson,"Good Morning, Vietnam",1987-12-23
Norman Jewison,Moonstruck,1987-12-16
Oliver Stone,Wall Street,1987-12-10
Brian De Palma,The Untouchables,1987-06-03
Zhang Yimou,Red Sorghum,1988-10-10
Adrian Lyne,Fatal Attraction,1987-09-18
Howard J. Ford,The Dead,2010-08-30
Bill Forsyth,Housekeeping,1987-11-25
Ron Shelton,Bull Durham,1988-06-15
Marcel Ophüls,Hôtel Terminus: The Life and Times of Klaus Barbie,1988-11-01
Pedro Almodóvar,Women on the Verge of a Nervous Breakdown,1988-03-25
Kristoffer Nyholm,The Vanishing,2019-01-04
Krystin Ver Linden,Alice,2022-03-18
Aki Kaurismäki,Ariel,1988-10-21
Errol Morris,The Thin Blue Line,1988-08-28
Katsuhiro Otomo,Akira,1988-07-16
Charles Crichton,A Fish Called Wanda,1988-07-15
Joris Ivens,A Tale of the Wind,1989-03-19
David Zucker,The Naked Gun: From the Files of Police Squad!,1988-12-02
Giuseppe Tornatore,Cinema Paradiso,1988-11-17
Tōya Satō,Grave of the Fireflies,2005-11-01
Penny Marshall,Big,1988-06-03
Robert Zemeckis,Who Framed Roger Rabbit,1988-06-21
Barry Levinson,Rain Man,1988-12-12
John McTiernan,Die Hard,1988-07-15
Rachel Suissa,Dangerous Liaisons,2022-07-08
David Cronenberg,Dead Ringers,1988-09-23
José Padilha,RoboCop,2014-01-30
Terence Davies,"Distant Voices, Still Lives",1988-11-16
Theo Angelopoulos,Landscape in the Mist,1988-09-10
Lawrence Kasdan,The Accidental Tourist,1988-12-23
Peter Greenaway,Drowning by Numbers,1988-09-10
Rob Reiner,When Harry Met Sally...,1989-07-21
Woody Allen,Crimes and Misdemeanors,1989-10-13
Tim Burton,Batman,1989-06-21
Phil Alden Robinson,Field of Dreams,1989-04-21
Edward Zwick,Glory,1989-12-15
Peter Greenaway,"The Cook, the Thief, His Wife & Her Lover",1989-10-13
Jim Sheridan,My Left Foot: The Story of Christy Brown,1989-04-07
Gus Van Sant,Drugstore Cowboy,1989-10-20
Spike Lee,Do the Right Thing,1989-06-14
Hal Hartley,The Unbelievable Truth,1990-07-20
Michael Moore,Roger & Me,1989-09-01
Steven Soderbergh,"sex, lies, and videotape",1989-08-04
Hou Hsiao-hsien,A City of Sadness,1989-10-21
Cameron Crowe,Say Anything...,1989-04-14
David Schwimmer,Trust,2010-09-10
Claire Denis,"No Fear, No Die",1990-09-05
Martin Scorsese,GoodFellas,1990-09-12
Jia Zhangke,Close-Up,2021-06-05
Abel Ferrara,King of New York,1990-07-18
Garry Marshall,Pretty Woman,1990-03-23
Kevin Costner,Dances with Wolves,1990-03-30
John McNaughton,Henry: Portrait of a Serial Killer,1986-09-24
Guy Maddin,Archangel,1990-09-01
Paul Verhoeven,Total Recall,1990-06-01
Tim Burton,Edward Scissorhands,1990-12-07
Agnieszka Holland,Europa Europa,1990-11-14
Barbet Schroeder,Reversal of Fortune,1990-10-19
Adrian Lyne,Jacob's Ladder,1990-11-02
John Singleton,Boyz n the Hood,1991-07-12
Jacques Rivette,La Belle Noiseuse,1991-09-04
Michael Tolkin,The Rapture,1991-10-04
Edward Yang,A Brighter Summer Day,1991-07-27
Oliver Stone,JFK,1991-12-20
Richard Linklater,Slacker,1991-07-05
Tsui Hark,Once Upon a Time in China II,1992-04-16
Ridley Scott,Thelma & Louise,1991-05-24
Gus Van Sant,My Own Private Idaho,1991-02-01
Jonathan Demme,The Silence of the Lambs,1991-02-14
James Cameron,Terminator 2: Judgment Day,1991-07-03
Jean-Pierre Jeunet,Delicatessen,1991-04-17
Krzysztof Kieślowski,The Double Life of Véronique,1991-05-15
Marlon Riggs,Tongues Untied,1990-03-16
Zhang Yimou,Raise the Red Lantern,1991-12-18
Fax Bahr,Hearts of Darkness: A Filmmaker's Apocalypse,1991-11-27
David Cronenberg,Naked Lunch,1991-12-27
Geoffrey Wright,Romper Stomper,1992-03-05
Baz Luhrmann,Strictly Ballroom,1992-08-20
Robert Altman,The Player,1992-04-03
Quentin Tarantino,Reservoir Dogs,1992-09-02
James Foley,Glengarry Glen Ross,1992-09-15
Éric Rohmer,A Tale of Winter,1992-01-29
Clint Eastwood,Unforgiven,1992-08-07
Nicholas Hytner,Center Stage,2000-05-12
Rémy Belvaux,Man Bites Dog,1992-08-20
Neil Jordan,The Crying Game,1992-09-02
Francis Ford Coppola,Bram Stoker's Dracula,1992-11-13
Nia DaCosta,Candyman,2021-08-25
Nick Broomfield,Aileen Wuornos: The Selling of a Serial Killer,1992-11-01
Tian Zhuangzhuang,The Blue Kite,1994-02-02
Jonathan Demme,Philadelphia,1993-12-22
Robert Altman,Short Cuts,1993-09-05
Steven Spielberg,Schindler's List,1993-12-15
Krzysztof Kieślowski,Three Colors: Blue,1993-09-08
Chen Kaige,Farewell My Concubine,1993-01-01
Harold Ramis,Groundhog Day,1993-02-11
Jane Campion,The Piano,1993-05-18
François Girard,Thirty Two Short Films About Glenn Gould,1993-11-26
Steven Spielberg,Jurassic Park,1993-06-11
Martin Scorsese,The Age of Innocence,1993-09-10
Jon Favreau,The Lion King,2019-07-12
John Dahl,The Last Seduction,1994-05-26
André Téchiné,Wild Reeds,1994-06-01
Terry Zwigoff,Crumb,1994-09-10
Peter Jackson,Heavenly Creatures,1994-09-12
Quentin Tarantino,Pulp Fiction,1994-09-10
Krzysztof Kieślowski,Three Colors: Red,1994-05-12
Oliver Stone,Natural Born Killers,1994-08-26
P.J. Hogan,Muriel's Wedding,1994-09-29
Stephan Elliott,"The Adventures of Priscilla, Queen of the Desert",1994-05-31
Steve James,Hoop Dreams,1994-09-12
Béla Tarr,Satantango,1994-02-08
Kevin Smith,Clerks,1994-10-19
Mike Newell,Four Weddings and a Funeral,1994-03-09
Robert Zemeckis,Forrest Gump,1994-06-23
Abbas Kiarostami,Through the Olive Trees,1994-02-01
Frank Darabont,The Shawshank Redemption,1994-09-23
Januel Mercado,Dear Diary: World's First Pranks,2021-02-09
Wes Ball,Kingdom of the Planet of the Apes,2024-05-08
Gianni Amelio,Lamerica,1994-09-09
Mel Gibson,Braveheart,1995-05-24
James Benning,Deseret,1996-01-18
Chris Noonan,Babe,1995-07-18
David Fincher,Se7en,1995-09-22
Wayne Wang,Smoke,1995-06-09
Jafar Panahi,The White Balloon,1995-02-02
Huang He,Underground Monster,2023-04-27
Sheldon Wilson,Mega Cyclone,2011-12-29
Amy Heckerling,Clueless,1995-07-19
Boaz Yakin,Safe,2012-04-16
Michael Mann,Heat,1995-12-15
John Lasseter,Toy Story,1995-10-30
John Lasseter,Toy Story 2,1999-10-30
Lee Unkrich,Toy Story 3,2010-06-16
Josh Cooley,Toy Story 4,2019-06-19
Jim Jarmusch,Dead Man,1995-12-23
Bryan Singer,The Usual Suspects,1995-07-19
Hans Petter Moland,Zero Kelvin,1995-09-29
Martin Scorsese,Casino,1995-11-22
Kathryn Bigelow,Strange Days,1995-10-13
Danny Boyle,Trainspotting,1996-02-23
Joel Coen,Fargo,1996-03-08
Mohsen Makhmalbaf,Gabbeh,1996-06-26
Raúl Ruiz,Three Lives and Only One Death,1996-05-15
Scott Hicks,Shine,1996-08-15
Matt Bettinelli-Olpin,Scream,2022-01-12
Mike Leigh,Secrets & Lies,1996-05-24
Anthony Minghella,The English Patient,1996-11-14
John Sayles,Lone Star,1996-06-21
Lars von Trier,Breaking the Waves,1996-07-05
Roland Emmerich,Independence Day,1996-06-25
Peter Greenaway,The Pillow Book,1995-09-01
Ang Lee,The Ice Storm,1997-02-05
Sebastian Schmidl,Fireworks,2022-04-06
Paul Thomas Anderson,Boogie Nights,1997-10-07
Curtis Hanson,L.A. Confidential,1997-09-19
Michael Haneke,Funny Games,1997-08-23
Alejandro Amenábar,Open Your Eyes,1997-12-19
Atom Egoyan,The Sweet Hereafter,1997-09-25
James Cameron,Titanic,1997-11-18
Abbas Kiarostami,Taste of Cherry,1997-09-28
Woody Allen,Deconstructing Harry,1997-12-12
Kwan Pung-Leung,Buenos Aires Zero Degree: The Making of 'Happy Together',1999-01-01
Hayao Miyazaki,Princess Mononoke,1997-07-12
Neil Jordan,The Butcher Boy,1998-02-20
Martin Scorsese,Kundun,1997-12-25
Léonor Serraille,Mother and Son,2022-11-25
Steven Spielberg,Saving Private Ryan,1998-07-24
Tom Tykwer,Run Lola Run,1998-03-03
Wes Anderson,Rushmore,1998-12-11
Thomas Vinterberg,The Celebration,1998-06-19
Vincent Gallo,Buffalo '66,1998-01-20
Gore Verbinski,The Ring,2002-10-18
Todd Solondz,Happiness,1998-10-11
Terrence Malick,The Thin Red Line,1998-12-23
Shinya Tsukamoto,Tetsuo: The Iron Man,1989-07-01
Guy Ritchie,"Lock, Stock and Two Smoking Barrels",1998-08-28
Darren Aronofsky,Pi,1998-07-10
Lars von Trier,The Idiots,1998-04-28
Philippe Grandrieux,Sombre,1998-08-06
Peter Farrelly,There's Something About Mary,1998-07-15
Joel Coen,The Big Lebowski,1998-03-06
Daniel Myrick,The Blair Witch Project,1999-07-14
Spike Jonze,Being John Malkovich,1999-10-29
M. Night Shyamalan,The Sixth Sense,1999-08-06
David O. Russell,Three Kings,1999-09-27
Paul Thomas Anderson,Magnolia,1999-12-17
David Fincher,Fight Club,1999-10-15
Sam Holdren,Audition,2007-04-19
Sam Mendes,American Beauty,1999-09-15
Claire Denis,Beau Travail,2000-05-03
Pedro Almodóvar,All About My Mother,1999-04-16
Lana Wachowski,The Matrix,1999-03-31
Max Makowski,Taboo,2002-01-14
Jean-Pierre Dardenne,Rosetta,1999-09-29
Abbas Kiarostami,The Wind Will Carry Us,1999-09-06
Raúl Ruiz,Time Regained,1999-05-19
Stanley Kubrick,Eyes Wide Shut,1999-07-16
Agnès Varda,The Gleaners and I,2000-07-07
Ridley Scott,Gladiator,2000-05-04
Amos Gitai,Kippur,2000-09-07
Edward Yang,Yi Yi,2000-09-20
Darren Aronofsky,Requiem for a Dream,2000-10-06
Alejandro González Iñárritu,Amores Perros,2000-06-16
Christopher Nolan,Memento,2000-10-11
Ang Lee,"Crouching Tiger, Hidden Dragon",2000-07-06
Fabián Bielinsky,Nine Queens,2000-08-31
Mario Gariazzo,Amazonia: The Catherine Miles Story,1985-08-09
Nabil Ayouch,Ali Zaoua: Prince of the Streets,2000-09-08
Jay Roach,Meet the Parents,2000-10-06
Steven Soderbergh,Traffic,2000-12-27
Lars von Trier,Dancer in the Dark,2000-09-01
Joel Coen,"O Brother, Where Art Thou?",2000-08-30
Peter Jackson,The Lord of the Rings: The Fellowship of the Ring,2001-12-18
Peter Jackson,The Lord of the Rings: The Two Towers,2002-12-18
Peter Jackson,The Lord of the Rings: The Return of the King,2003-12-01
Hayao Miyazaki,Spirited Away,2001-07-20
Peter Werner,No Man's Land,1987-10-23
Jean-Pierre Jeunet,Amélie,2001-04-25
Sabrina Zhao,"Nini, What Time Is It There?",2020-09-09
Alfonso Cuarón,Y Tu Mamá También,2001-06-08
Ric Roman Waugh,Kandahar,2023-05-25
Michael Haneke,The Piano Teacher,2001-09-05
Nanni Moretti,The Son's Room,2001-03-09
Baz Luhrmann,Moulin Rouge!,2001-05-24
Mira Nair,Monsoon Wedding,2001-08-30
Catherine Breillat,Fat Girl,2001-03-07
David Lynch,Mulholland Drive,2001-06-06
Wes Anderson,The Royal Tenenbaums,2001-10-05
Ray Lawrence,Lantana,2001-10-04
Steven Spielberg,A.I. Artificial Intelligence,2001-06-29
Martin Scorsese,Gangs of New York,2002-12-14
Aleksandr Sokurov,Russian Ark,2002-05-22
Michael Moore,Bowling for Columbine,2002-10-09
Fernando Meirelles,City of God,2002-08-30
Pedro Almodóvar,Talk to Her,2002-03-15
Roman Polanski,The Pianist,2002-09-17
Spike Jonze,Adaptation.,2002-12-06
Todd Haynes,Far from Heaven,2002-11-08
Rob Marshall,Chicago,2002-12-10
Stephen Frears,Hero,1992-10-02
Phillip Noyce,Rabbit-Proof Fence,2002-02-04
Gaspar Noé,Irreversible,2002-05-22
José Padilha,Bus 174,2002-10-22
Gus Van Sant,Elephant,2003-09-20
Joan Churchill,Aileen: Life and Death of a Serial Killer,2003-09-09
Spike Lee,Oldboy,2013-11-14
Wolfgang Becker,"Good Bye, Lenin!",2003-02-13
Siddiq Barmak,Osama,2004-03-24
Denys Arcand,The Barbarian Invasions,2003-09-24
Quentin Tarantino,Kill Bill: Vol. 1,2003-10-10
Marco Tullio Giordana,The Best of Youth,2003-06-22
Sofia Coppola,Lost in Translation,2003-09-18
Fatih Akin,Head-On,2004-03-11
Paolo Sorrentino,The Consequences of Love,2004-09-24
Ousmane Sembène,Moolaadé,2004-08-04
John Llewellyn Moxey,Downfall,1964-01-01
Michael Moore,Fahrenheit 9/11,2004-06-25
Mel Gibson,The Passion of the Christ,2004-02-25
Michael Mann,Collateral,2004-08-04
Martin Scorsese,The Aviator,2004-12-17
Clint Eastwood,Million Dollar Baby,2004-12-15
Kim Ki-duk,3-Iron,2004-10-15
David Cronenberg,Crash,1996-07-17
Alexander Payne,Sideways,2004-10-22
Jean-Pierre Jeunet,A Very Long Engagement,2004-10-27
Gavin Hood,Tsotsi,2005-12-23
Ang Lee,Brokeback Mountain,2005-10-22
Radu Mihăileanu,Live and Become,2005-03-30
Hany Abu-Assad,Paradise Now,2005-09-07
Michael Haneke,Caché,2005-10-05
Fernando Meirelles,The Constant Gardener,2005-08-31
Guillermo del Toro,Pan's Labyrinth,2006-10-10
Florian Henckel von Donnersmarck,The Lives of Others,2006-03-23
Mel Gibson,Apocalypto,2006-12-07
Larry Charles,Borat: Cultural Learnings of America for Make Benefit Glorious Nation of Kazakhstan,2006-11-01
John Carney,Once,2007-03-23
Stephen Frears,The Queen,2006-09-15
Andrew Niccol,The Host,2013-03-22
Christopher Nolan,The Prestige,2006-10-17
Alfonso Cuarón,Children of Men,2006-09-22
Paul Greengrass,United 93,2006-04-28
Kevin Macdonald,The Last King of Scotland,2006-01-12
Alejandro González Iñárritu,Babel,2006-10-26
Pedro Almodóvar,Volver,2006-03-17
Jonathan Dayton,Little Miss Sunshine,2006-07-26
Martin Scorsese,The Departed,2006-10-04
Oren Peli,Paranormal Activity,2007-09-14
Paul Thomas Anderson,There Will Be Blood,2007-12-26
Olivier Dahan,La Vie en Rose,2007-02-14
Sean Penn,Into the Wild,2007-09-21
Joe Wright,Atonement,2007-02-27
Doug Pray,Surfwise,2007-09-11
Paul Greengrass,The Bourne Ultimatum,2007-08-03
Ethan Coen,No Country for Old Men,2007-06-13
Julian Schnabel,The Diving Bell and the Butterfly,2007-05-23
Kathryn Bigelow,The Hurt Locker,2008-10-10
Danny Boyle,Slumdog Millionaire,2008-11-12
Christopher Nolan,The Dark Knight,2008-07-16
Tomas Alfredson,Let the Right One In,2008-10-24
Cheang Pou-Soi,Twilight of the Warriors: Walled In,2024-04-23
Darren Aronofsky,The Wrestler,2008-09-07
David Fincher,The Curious Case of Benjamin Button,2008-12-25
Nicholas Celozzi,The Class,2022-09-09
Sacha Gervasi,Anvil! The Story of Anvil,2008-01-14
Aaron J McIntyre,GOMORRAH,2023-02-01
Neill Blomkamp,District 9,2009-08-05
James Cameron,Avatar,2009-12-15
Lone Scherfig,An Education,2009-10-29
Lee Daniels,Precious,2009-11-06
Todd Phillips,The Hangover,2009-06-02
Armando Iannucci,In the Loop,2009-01-22
Andrea Arnold,Fish Tank,2009-09-11
Quentin Tarantino,Inglourious Basterds,2009-08-02
Michael Haneke,The White Ribbon,2009-09-24
Patricio Guzmán,Nostalgia for the Light,2010-10-27
Darren Aronofsky,Black Swan,2010-12-03
Christopher Nolan,Inception,2010-07-15
David Fincher,The Social Network,2010-10-01
Gareth Edwards,Monsters,2010-06-18
Chris Morris,Four Lions,2010-05-07
Ethan Coen,True Grit,2010-12-22
Xavier Beauvois,Of Gods and Men,2010-09-08
Tom Hooper,The King's Speech,2010-11-26
Asif Kapadia,Senna,2010-10-07
Werner Herzog,Cave of Forgotten Dreams,2010-11-03
Michel Hazanavicius,The Artist,2011-10-12
Asghar Farhadi,A Separation,2011-02-15
David Fincher,The Girl with the Dragon Tattoo,2011-12-14
Steven Spielberg,War Horse,2011-12-25
Alexander Payne,The Descendants,2011-09-09
Martin Scorsese,Hugo,2011-11-22
Aki Kaurismäki,Le Havre,2011-09-08
Steve McQueen,Shame,2011-10-02
Tomas Alfredson,Tinker Tailor Soldier Spy,2011-09-16
Paul Feig,Bridesmaids,2011-05-13
Terrence Malick,The Tree of Life,2011-05-17
Luc Dardenne,The Kid with a Bike,2011-05-18
Nicolas Winding Refn,Drive,2011-09-15
Drew Goddard,The Cabin in the Woods,2012-04-12
Haifaa al-Mansour,Wadjda,2012-08-31
Steven Spielberg,Lincoln,2012-11-09
Ang Lee,Life of Pi,2012-11-20
Robert Hossein,Les Misérables,1982-10-20
Ben Affleck,Argo,2012-10-11
Sam Mendes,Skyfall,2012-10-24
Pablo Berger,Blancanieves,2012-09-28
Michael Haneke,Amour,2012-09-20
Quentin Tarantino,Django Unchained,2012-12-25
Joshua Oppenheimer,The Act of Killing,2012-11-01
Alfonso Cuarón,Gravity,2013-10-03
Paolo Sorrentino,The Great Beauty,2013-05-21
Abdellatif Kechiche,Blue Is the Warmest Color,2013-10-09
Steve McQueen,12 Years a Slave,2013-10-18
Alexander Payne,Nebraska,2013-09-21
Joel Coen,Inside Llewyn Davis,2013-10-18
David O. Russell,American Hustle,2013-12-03
Jia Zhangke,A Touch of Sin,2013-10-04
Paweł Pawlikowski,Ida,2013-10-25
Jonathan Glazer,Under the Skin,2014-03-14
Martin Scorsese,The Wolf of Wall Street,2013-12-25
George P. Cosmatos,Leviathan,1989-03-17
Richard Linklater,Boyhood,2014-06-05
Alejandro González Iñárritu,Birdman or (The Unexpected Virtue of Ignorance),2014-10-17
Damien Chazelle,Whiplash,2014-10-10
Wes Anderson,The Grand Budapest Hotel,2014-02-26
Laura Poitras,Citizenfour,2014-10-10
James Gunn,Guardians of the Galaxy,2014-07-30
James Marsh,The Theory of Everything,2014-11-26
Joshua Oppenheimer,The Look of Silence,2015-07-17
J.J. Abrams,Star Wars: The Force Awakens,2015-12-15
Alejandro González Iñárritu,The Revenant,2015-12-25
László Nemes,Son of Saul,2015-06-11
Steven Spielberg,Bridge of Spies,2015-10-15
Adam McKay,The Big Short,2015-12-11
Tom McCarthy,Spotlight,2015-11-06
Sean Baker,Tangerine,2015-07-10
F. Gary Gray,Straight Outta Compton,2015-08-11
George Miller,Mad Max: Fury Road,2015-05-13
Sebastian Schipper,Victoria,2015-06-11
Damien Chazelle,La La Land,2016-11-29
David Mackenzie,Hell or High Water,2016-08-11
Jon Favreau,The Jungle Book,2016-04-07
Pablo Larraín,Jackie,2016-12-02
Maren Ade,Toni Erdmann,2016-07-14
Babak Anvari,Under the Shadow,2016-09-30
Kenneth Lonergan,Manchester by the Sea,2016-11-18
Ken Loach,"I, Daniel Blake",2016-10-21
Ava DuVernay,13th,2016-10-07
Denis Villeneuve,Arrival,2016-11-10
Barry Jenkins,Moonlight,2016-10-21
Park Chan-wook,The Handmaiden,2016-06-01
Bill Morrison,Dawson City: Frozen Time,2017-06-09
William Oldroyd,Lady Macbeth,2016-12-12
Greta Gerwig,Lady Bird,2017-09-01
Guillermo del Toro,The Shape of Water,2017-12-01
Martin McDonagh,"Three Billboards Outside Ebbing, Missouri",2017-12-01
Luca Guadagnino,Call Me by Your Name,2017-07-28
Darren Aronofsky,mother!,2017-09-13
Denis Villeneuve,Blade Runner 2049,2017-10-04
Jordan Peele,Get Out,2017-02-24
Paul Thomas Anderson,Phantom Thread,2017-12-25
Michael Gracey,The Greatest Showman,2017-12-20
Ryan Coogler,Black Panther,2018-02-13
Jon M. Chu,Crazy Rich Asians,2018-08-15
Nadine Labaki,Capernaum,2018-09-20
Bradley Cooper,A Star Is Born,2018-10-03
Anthony Russo,Avengers: Infinity War,2018-04-25
Federico Fellini,Roma,1972-03-16
Ari Aster,Hereditary,2018-06-07
Yorgos Lanthimos,The Favourite,2018-11-23
Boots Riley,Sorry to Bother You,2018-07-06
Adam McKay,Vice,2018-12-25
Spike Lee,BlacKkKlansman,2018-08-09
Anthony Russo,Avengers: Endgame,2019-04-24
Céline Sciamma,Portrait of a Lady on Fire,2019-09-18
Waad al-Kateab,For Sama,2019-07-26
Olivia Wilde,Booksmart,2019-05-24
Quentin Tarantino,Once Upon a Time... in Hollywood,2019-07-24
Lulu Wang,The Farewell,2019-07-12
Todd Phillips,Joker,2019-10-01
Charles Band,Parasite,1982-03-12
Alejandro Landes,Monos,2019-08-15
Greta Gerwig,Little Women,2019-12-25
Robert Eggers,The Lighthouse,2019-10-18
Andrew Patterson,The Vast of Night,2019-06-01
Kitty Green,The Assistant,2020-01-31
Sarah Gavron,Rocks,2019-09-05
Rose Glass,Saint Maud,2020-10-09
Christopher Nolan,Tenet,2020-08-22
George C. Wolfe,Ma Rainey's Black Bottom,2020-11-25
Pete Docter,Soul,2020-12-25
Eliza Hittman,Never Rarely Sometimes Always,2020-03-13
Chloé Zhao,Nomadland,2021-01-29
